Suite de Pruebas,Caso de Prueba,Build Versión 3.1.0,Fecha,Notas,Duración de la ejecución (min),[Última Build] Versión 3.1.0,Exec Notes for Latest (created) Build
Módulo Usuario/Registro Usuario,1:Registro Exitoso de Usuario,Pasado [v1],2023-12-13 12:30:09,,3,Pasado [v1],
Módulo Usuario/Registro Usuario,8:Registro de usuario sin completar campo obligatorio Teléfono de Contacto,Pasado [v1],2023-12-13 12:32:54,,2,Pasado [v1],
Módulo Usuario/Registro Usuario,34:Registro inválido de Usuario,Pasado [v1],2023-12-13 12:33:04,,3,Pasado [v1],
Módulo Usuario/Listado Usuario,36:Visualización del listado de usuarios por el administrador,Pasado [v1],2023-12-13 12:46:49,,5,Pasado [v1],
Módulo Usuario/Listado Usuario,37:Visualización del listado de usuarios por el auxiliar administrativo,Pasado [v1],2023-12-13 12:47:07,,2,Pasado [v1],
Módulo Usuario/Listado Usuario,38:Visualización del listado de usuarios por otros perfiles,Pasado [v1],2023-12-13 12:47:21,,2,Pasado [v1],
Módulo Usuario/Listado Usuario,40:Filtrar listado,Pasado [v1],2023-12-13 12:47:55,,3,Pasado [v1],
Módulo Usuario/Listado Usuario,46:Filtro de listado incompatible,Pasado [v1],2023-12-13 12:48:08,,2,Pasado [v1],
Módulo Usuario/Listado Usuario,49:Descargar listado/reporte de Usuarios,Pasado [v1],2023-12-13 13:08:25,,4,Pasado [v1],
Módulo Usuario/Modificar Usuario,67:Modificación de Datos de Usuario por Administrador,Pasado [v1],2023-12-13 12:48:38,,2,Pasado [v1],
Módulo Usuario/Modificar Usuario,68:Modificación de Datos de Usuario por Auxiliar Administrativo,Pasado [v1],2023-12-13 12:48:45,,2,Pasado [v1],
Módulo Usuario/Modificar Usuario,69:Modificación de Datos de Usuario por otro usuario,Pasado [v1],2023-12-13 12:49:35,,3,Pasado [v1],
Módulo Usuario/Modificar Usuario,70:Acceso al Formulario de Modificación de Usuario,Pasado [v1],2023-12-13 12:51:07,,3,Pasado [v1],
Módulo Usuario/Modificar Usuario,71:Modificación de datos de Usuario,Pasado [v1],2023-12-13 12:51:19,,3,Pasado [v1],
Módulo Usuario/Modificar Usuario,74:Modificación de Contraseña por el Usuario Administrador,Pasado [v1],2023-12-13 12:56:57,,7,Pasado [v1],
Módulo Usuario/Modificar Usuario,75:Modificación de Nombre de Usuario por el Usuario Administrador,Pasado [v1],2023-12-13 12:57:09,,2,Pasado [v1],
Módulo Usuario/Modificar Usuario,76:Modificación de Contraseña por el Usuario Auxiliar Administrativo,Pasado [v1],2023-12-13 12:57:20,,2,Pasado [v1],
Módulo Usuario/Modificar Usuario,77:Modificación de Nombre de Usuario por el Usuario Auxiliar Administrativo,Pasado [v1],2023-12-13 12:57:33,,2,Pasado [v1],
Módulo Usuario/Modificar Usuario,78:Solicitud de confirmación de la modificación de usuario,Pasado [v1],2023-12-13 12:57:44,,2,Pasado [v1],
Módulo Usuario/Modificar Usuario,79:Cancelar modificación de usuario,Pasado [v1],2023-12-13 12:57:58,,2,Pasado [v1],
Módulo Usuario/Modificar Usuario,136:Ingresos de datos inválidos para la modificación de datos de Usuario,Pasado [v1],2023-12-13 12:51:51,,4,Pasado [v1],
Módulo Usuario/Baja Usuario,81:Eliminación(baja lógica) de Usuario por un Usuario Administrador,Pasado [v1],2023-12-13 13:25:06,,,Pasado [v1],
Módulo Usuario/Baja Usuario,82:Eliminación(baja lógica) de Usuario por un Usuario Auxiliar Administrativo,Pasado [v1],2023-12-13 13:25:51,,4,Pasado [v1],
Módulo Usuario/Baja Usuario,83:Eliminación(baja lógica) de Usuario por un usuario no Administrativo,Pasado [v1],2023-12-13 13:25:14,,1,Pasado [v1],
Módulo Usuario/Baja Usuario,84:Solicitud de confirmación de eliminación de usuario,Pasado [v1],2023-12-13 13:25:30,,1,Pasado [v1],
Módulo Usuario/Baja Usuario,85:Actualización del Estado de Usuario a "Eliminado",Pasado [v1],2023-12-13 13:25:38,,1,Pasado [v1],
Módulo Usuario/Baja Usuario,86:Cancelar eliminación de usuario,Pasado [v1],2023-12-13 13:26:31,,4,Pasado [v1],
Módulo Usuario/Baja Usuario,87:Restricción de Acceso para Usuarios Eliminados,Pasado [v1],2023-12-13 13:26:50,,3,Pasado [v1],
Módulo Usuario/Baja Usuario,88:Re-Activación de usuario por un Administrador,Pasado [v1],2023-12-13 13:27:00,,1,Pasado [v1],
Módulo Usuario/Baja Usuario,89:Re-Activación de usuario por un Auxiliar Administrativo,Pasado [v1],2023-12-13 13:27:16,,2,Pasado [v1],
Módulo Usuario/Modificar datos propios de Usuario,90:Modificación de Datos propios por Usuario Auxiliar Administrativo,Pasado [v1],2023-12-13 12:58:08,,1,Pasado [v1],
Módulo Usuario/Modificar datos propios de Usuario,91:Modificación de Datos Propios por Usuario Administrador,Pasado [v1],2023-12-13 12:58:17,,3,Pasado [v1],
Módulo Usuario/Modificar datos propios de Usuario,92:Modificación de Datos Propios por Usuario Ingeniero Biomédico,Pasado [v1],2023-12-13 12:58:27,,2,Pasado [v1],
Módulo Usuario/Modificar datos propios de Usuario,93:Modificación de Datos Propios por Usuario Tecnólogo,Pasado [v1],2023-12-13 12:58:36,,3,Pasado [v1],
Módulo Usuario/Modificar datos propios de Usuario,94:Modificación de Datos Propios de Usuario por Técnico,Pasado [v1],2023-12-13 12:58:44,,2,Pasado [v1],
Módulo Usuario/Modificar datos propios de Usuario,95:Solicitud de confirmación de la modificación de datos propios,Pasado [v1],2023-12-13 12:58:52,,2,Pasado [v1],
Módulo Usuario/Modificar datos propios de Usuario,96:Modificación de datos propios,Pasado [v1],2023-12-13 12:59:07,,,Pasado [v1],
Módulo Usuario/Modificar datos propios de Usuario,97:Ingreso de datos inválidos para la modificación,Pasado [v1],2023-12-13 12:59:22,,3,Pasado [v1],
Módulo Usuario/Modificar datos propios de Usuario,370:Cancelar modificación de datos de usuario,Pasado [v1],2023-12-13 12:59:34,,,Pasado [v1],
Módulo Usuario/Login de usuario,137:Login exitoso,Pasado [v1],2023-12-12 19:48:10,,1,Pasado [v1],
Módulo Usuario/Login de usuario,138:Login Incorrecto,Pasado [v1],2023-12-12 19:48:40,,1,Pasado [v1],
Módulo Usuario/Login de usuario,142:Login de un usuario eliminado,Pasado [v1],2023-12-12 19:52:15,,2,Pasado [v1],
Módulo Usuario/Login de usuario,143:Login de un usuario sin válidar,Pasado [v1],2023-12-12 19:52:32,,1,Pasado [v1],
Módulo Intervenciones/Registro de Intervención,144:Registro de una intervención por parte de un administrador,Pasado [v1],2023-12-12 19:52:46,,2,Pasado [v1],
Módulo Intervenciones/Registro de Intervención,145:Registro de una intervención por parte de un auxiliar administrativo,Pasado [v1],2023-12-12 19:53:12,,2,Pasado [v1],
Módulo Intervenciones/Registro de Intervención,146:Registro de una intervención por parte de un Ingeniero Biomédico,Pasado [v1],2023-12-12 19:53:19,,2,Pasado [v1],
Módulo Intervenciones/Registro de Intervención,147:Registro de una intervención por parte de un Tecnólogo,Pasado [v1],2023-12-12 19:53:27,,2,Pasado [v1],
Módulo Intervenciones/Registro de Intervención,148:Registro de una intervención por parte de un técnico,Pasado [v1],2023-12-12 19:53:39,,2,Pasado [v1],
Módulo Intervenciones/Registro de Intervención,149:Registro de intervención exitosa,Pasado [v1],2023-12-12 19:53:49,,2,Pasado [v1],
Módulo Intervenciones/Registro de Intervención,150:Registro con campos obligatorios vacios,Pasado [v1],2023-12-12 19:54:06,,2,Pasado [v1],
Módulo Intervenciones/Registro de Intervención,151:Entradas inválidas para el registro de una Intervención,Pasado [v1],2023-12-12 19:54:32,,2,Pasado [v1],
Módulo Intervenciones/Registro de Intervención,160:El sistema notifica al usuario el resultado de su transacción,Pasado [v1],2023-12-12 19:54:43,,1,Pasado [v1],
Módulo Intervenciones/Trabajar Intervención,161:Usuario administrador registra el seguimiento de una intervención,Pasado [v1],2023-12-12 19:55:04,,2,Pasado [v1],
Módulo Intervenciones/Trabajar Intervención,162:Usuario auxiliar administrativo registra el seguimiento de una intervención,Pasado [v1],2023-12-12 19:55:17,,2,Pasado [v1],
Módulo Intervenciones/Trabajar Intervención,163:Usuario ingeniero biomédico registra el seguimiento de una intervención,Pasado [v1],2023-12-12 19:55:29,,2,Pasado [v1],
Módulo Intervenciones/Trabajar Intervención,164:Usuario tecnólogo registra el seguimiento de una intervención,Pasado [v1],2023-12-12 19:55:38,,2,Pasado [v1],
Módulo Intervenciones/Trabajar Intervención,165:Usuario técnico registra el seguimiento de una intervención,Pasado [v1],2023-12-12 19:55:50,,2,Pasado [v1],
Módulo Intervenciones/Trabajar Intervención,166:Registrar un seguimiento de intervención con campos obligatorios vacios,Pasado [v1],2023-12-12 19:57:15,,2,Pasado [v1],
Módulo Intervenciones/Trabajar Intervención,167:Entradas inválidas para el registro de seguimiento de una Intervención,Pasado [v1],2023-12-12 19:59:13,,3,Pasado [v1],
Módulo Intervenciones/Trabajar Intervención,171:El sistema notifica al usuario el resultado de su transacción,Pasado [v1],2023-12-12 19:59:25,,1,Pasado [v1],
Módulo Intervenciones/Reporte de Intervención por Fecha,172:Generar un informe con un rango de fechas específico,Pasado [v1],2023-12-12 20:02:43,,2,Pasado [v1],
Módulo Intervenciones/Reporte de Intervención por Fecha,173:Generar un informe con un rango de fechas específico y un identificador de equipo,Pasado [v1],2023-12-12 20:02:59,,2,Pasado [v1],
Módulo Intervenciones/Reporte de Intervención por Fecha,174:Generar un informe sin un rango de fechas específico,Pasado [v1],2023-12-12 20:11:02,,2,Pasado [v1],
Módulo Intervenciones/Reporte de Intervención por Fecha,175:Generar un informe sin filtros,Pasado [v1],2023-12-12 20:13:30,,2,Pasado [v1],
Módulo Intervenciones/Reporte de Intervención por Fecha,178:Fecha desde mayor a fecha hasta,Pasado [v1],2023-12-12 20:14:38,,2,Pasado [v1],
Módulo Intervenciones/Reporte de Intervención por Fecha,380:Descargar listado/reporte de Intervenciones por fecha,Pasado [v1],2023-12-12 20:02:34,,2,Pasado [v1],
Módulo Perfiles/Registro Perfil,176:Ingresar un perfil nuevo como usuario administrador,Pasado [v1],2023-12-13 00:31:57,,,Pasado [v1],
Módulo Perfiles/Registro Perfil,177:Ingresar un perfil nuevo como usuario auxiliar administrador,Pasado [v1],2023-12-13 00:32:11,,,Pasado [v1],
Módulo Perfiles/Registro Perfil,179:Solicitud de confirmación al ingresar un nuevo perfil,Pasado [v1],2023-12-13 00:32:20,,,Pasado [v1],
Módulo Perfiles/Registro Perfil,180:Cancelar el ingreso de un nuevo perfil,Pasado [v1],2023-12-13 00:32:43,,,Pasado [v1],
Módulo Perfiles/Registro Perfil,182:Registro incorrecto,Pasado [v1],2023-12-13 00:32:57,,,Pasado [v1],
Módulo Perfiles/Registro Perfil,183:Ingresar un perfil como usuario no administrativo,Pasado [v1],2023-12-13 00:33:12,,,Pasado [v1],
Módulo Intervenciones/Reporte de Intervención por Tipo de Intervención,181:Mostrar la cantidad de intervenciones sin filtros,Pasado [v1],2023-12-12 20:15:12,,2,Pasado [v1],
Módulo Intervenciones/Reporte de Intervención por Tipo de Intervención,184:Generar reporte de la cantidad de intervenciones por un tipo específico,Pasado [v1],2023-12-12 20:15:32,,1,Pasado [v1],
Módulo Intervenciones/Reporte de Intervención por Tipo de Intervención,187:Generar reporte de la cantidad de intervenciones en un rango de fechas,Pasado [v1],2023-12-12 20:15:45,,2,Pasado [v1],
Módulo Intervenciones/Reporte de Intervención por Tipo de Intervención,189:Generar reporte de la cantidad de intervenciones para un tipo específico en un rango de fechas,Pasado [v1],2023-12-12 20:16:01,,2,Pasado [v1],
Módulo Intervenciones/Reporte de Intervención por Tipo de Intervención,381:Descargar listado/reporte de Intervenciones por tipo,Pasado [v1],2023-12-12 20:14:55,,2,Pasado [v1],
Módulo Perfiles/Listado Perfil,190:Visualizar el listado de los perfiles como usuario administrador.,Pasado [v1],2023-12-13 00:34:01,,,Pasado [v1],
Módulo Perfiles/Listado Perfil,191:Visualizar el listado de los perfiles como usuario auxiliar administrador.,Pasado [v1],2023-12-13 00:34:25,,,Pasado [v1],
Módulo Perfiles/Listado Perfil,192:Acceder a un perfil desde el listado de perfiles como usuario administrador,Pasado [v1],2023-12-13 00:34:50,,,Pasado [v1],
Módulo Perfiles/Listado Perfil,193:Acceder a un perfil desde el listado de perfiles como usuario auxiliar administrador,Pasado [v1],2023-12-13 00:35:03,,,Pasado [v1],
Módulo Perfiles/Listado Perfil,194:Filtrar listado,Pasado [v1],2023-12-13 00:35:15,,,Pasado [v1],
Módulo Perfiles/Listado Perfil,195:Filtros incompatibles,Pasado [v1],2023-12-13 00:35:27,,,Pasado [v1],
Módulo Perfiles/Listado Perfil,379:Descargar listado/reporte de Perfiles,Pasado [v1],2023-12-13 00:33:47,,,Pasado [v1],
Módulo Perfiles/Modificar Perfil,199:Modificar un perfil desde el listado como usuario administrador.,Pasado [v1],2023-12-13 00:35:57,,,Pasado [v1],
Módulo Perfiles/Modificar Perfil,200:Modificar un perfil desde el listado como usuario auxiliar administrador.,Pasado [v1],2023-12-13 00:36:11,,,Pasado [v1],
Módulo Perfiles/Modificar Perfil,201:Mensaje de confirmación al modificar un perfil,Pasado [v1],2023-12-13 00:36:24,,,Pasado [v1],
Módulo Perfiles/Modificar Perfil,202:Cancelar una modificación,Pasado [v1],2023-12-13 00:36:35,,,Pasado [v1],
Módulo Perfiles/Modificar Perfil,203:Actualización del listado de perfiles,Pasado [v1],2023-12-13 00:36:48,,,Pasado [v1],
Módulo Perfiles/Modificar Perfil,378:Modificación de Nombre de Perfil,Pasado [v1],2023-12-13 00:36:57,,,Pasado [v1],
Módulo Perfiles/Baja Perfil,204:Eliminar un perfil desde el listado como usuario administrador,Pasado [v1],2023-12-13 00:37:15,,,Pasado [v1],
Módulo Perfiles/Baja Perfil,205:Eliminar un perfil desde el listado como usuario auxiliar administrador,Pasado [v1],2023-12-13 00:37:27,,,Pasado [v1],
Módulo Perfiles/Baja Perfil,206:Mensaje de confirmación al eliminar un perfil,Pasado [v1],2023-12-13 00:37:37,,,Pasado [v1],
Módulo Perfiles/Baja Perfil,207:Cancelar una eliminación,Pasado [v1],2023-12-13 00:37:48,,,Pasado [v1],
Módulo Perfiles/Baja Perfil,208:Reactivar un perfil,Pasado [v1],2023-12-13 00:38:16,,,Pasado [v1],
Módulo Equipos/Registro Equipo,209:Ingresar un equipo como usuario Administrador.,Pasado [v1],2023-12-12 17:56:37,,2,Pasado [v1],
Módulo Equipos/Registro Equipo,210:Ingresar un equipo como usuario Auxiliar Administrativo.,Pasado [v1],2023-12-12 17:58:46,,2,Pasado [v1],
Módulo Equipos/Registro Equipo,211:Ingresar un equipo como usuario Ingeniero biomédico,Pasado [v1],2023-12-12 17:59:45,,2,Pasado [v1],
Módulo Equipos/Registro Equipo,212:Ingresar un equipo como usuario Tecnólogo,Pasado [v1],2023-12-12 18:00:09,,2,Pasado [v1],
Módulo Equipos/Registro Equipo,213:Ingresar un equipo como usuario Tecnico,Pasado [v1],2023-12-12 18:00:44,,2,Pasado [v1],
Módulo Equipos/Registro Equipo,215:Entradas inválidas para el registro de un nuevo Equipo,Pasado [v1],2023-12-12 18:01:37,,2,Pasado [v1],
Módulo Equipos/Registro Equipo,216:Registro exitosa de un Equipo,Pasado [v1],2023-12-12 18:01:54,,2,Pasado [v1],
Módulo Equipos/Listado Equipo,241:Visualizar el listado de todos los equipos ingresados en el inventario,Pasado [v1],2023-12-12 18:06:12,,2,Pasado [v1],
Módulo Equipos/Listado Equipo,242:Visualizar el listado de los equipos como usuario administrador.,Pasado [v1],2023-12-12 18:06:29,,2,Pasado [v1],
Módulo Equipos/Listado Equipo,243:Visualizar el listado de los equipos como usuario auxiliar administrador.,Pasado [v1],2023-12-12 18:06:51,,2,Pasado [v1],
Módulo Equipos/Listado Equipo,244:Visualizar el listado de los equipos como usuario ingeniero biomédico.,Pasado [v1],2023-12-12 18:10:10,,2,Pasado [v1],
Módulo Equipos/Listado Equipo,245:Visualizar el listado de los equipos como usuario Tecnólogo.,Pasado [v1],2023-12-12 18:10:46,,2,Pasado [v1],
Módulo Equipos/Listado Equipo,246:Visualizar el listado de los equipos como usuario técnico,Pasado [v1],2023-12-12 18:11:14,,2,Pasado [v1],
Módulo Equipos/Listado Equipo,247:Filtrar por "Nombre de equipo",Pasado [v1],2023-12-12 18:11:27,,1,Pasado [v1],
Módulo Equipos/Listado Equipo,249:Filtrar por "Marca",Pasado [v1],2023-12-12 18:11:40,,1,Pasado [v1],
Módulo Equipos/Listado Equipo,250:Filtrar por "Modelo",Pasado [v1],2023-12-12 18:11:49,,1,Pasado [v1],
Módulo Equipos/Listado Equipo,251:Filtrar por "Numero de serie",Pasado [v1],2023-12-12 18:11:59,,1,Pasado [v1],
Módulo Equipos/Listado Equipo,252:Filtrar por "Pais de origen",Pasado [v1],2023-12-12 18:12:08,,1,Pasado [v1],
Módulo Equipos/Listado Equipo,253:Filtrar por "Proveedor",Pasado [v1],2023-12-12 18:12:22,,1,Pasado [v1],
Módulo Equipos/Listado Equipo,254:Filtrar por "Identificación interna",Pasado [v1],2023-12-12 18:12:33,,1,Pasado [v1],
Módulo Equipos/Listado Equipo,255:Filtrar por "Ubicación",Pasado [v1],2023-12-12 18:12:46,,1,Pasado [v1],
Módulo Equipos/Listado Equipo,382:Combinar Filtro,Pasado [v1],2023-12-12 18:13:05,,1,Pasado [v1],
Módulo Equipos/Listado Equipo,383:Descargar listado/reporte de Equipos,Pasado [v1],2023-12-12 18:02:40,,2,Pasado [v1],
Módulo Equipos/Baja Equipo,256:Dar de baja un equipo correctamente como usuario administrador,Pasado [v1],2023-12-12 18:20:11,,2,Pasado [v1],
Módulo Equipos/Baja Equipo,298:Dar de baja un equipo correctamente como usuario auxiliar administrador,Pasado [v1],2023-12-12 18:20:42,,2,Pasado [v1],
Módulo Equipos/Baja Equipo,300:Dar de baja un equipo correctamente como usuario ingeniero biomédico,Pasado [v1],2023-12-12 18:21:23,,2,Pasado [v1],
Módulo Equipos/Baja Equipo,301:Dar de baja un equipo correctamente como usuario tecnólogo,Pasado [v1],2023-12-12 18:21:56,,2,Pasado [v1],
Módulo Equipos/Baja Equipo,303:Dar de baja un equipo correctamente como usuario técnico,Pasado [v1],2023-12-12 18:23:13,,2,Pasado [v1],
Módulo Equipos/Baja Equipo,306:Formulario de registro baja de equipo,Pasado [v1],2023-12-12 18:23:53,,2,Pasado [v1],
Módulo Equipos/Baja Equipo,308:Entradas inválidas para el registro de Baja de Equipo,Pasado [v1],2023-12-12 18:24:26,,2,Pasado [v1],
Módulo Equipos/Baja Equipo,310:Mensaje de Confirmación Post Baja Exitosa,Pasado [v1],2023-12-12 18:24:56,,2,Pasado [v1],
Módulo Ubicaciones/Ingreso Ubicación,257:Registro de ubicaciones por parte de un usuario administrador,Pasado [v1],2023-12-12 22:39:59,,2,Pasado [v1],
Módulo Ubicaciones/Ingreso Ubicación,258:Registro de ubicaciones por parte de un usuario auxiliar administrativo,Pasado [v1],2023-12-12 22:40:15,,2,Pasado [v1],
Módulo Ubicaciones/Ingreso Ubicación,259:Registro de ubicaciones por parte de un usuario ingeniero biomédico,Pasado [v1],2023-12-12 22:40:29,,2,Pasado [v1],
Módulo Ubicaciones/Ingreso Ubicación,260:Registro de ubicaciones por parte de un usuario tecnólogo,Pasado [v1],2023-12-12 22:43:03,,2,Pasado [v1],
Módulo Ubicaciones/Ingreso Ubicación,261:Registro de ubicaciones por parte de un usuario técnico,Pasado [v1],2023-12-12 22:44:27,,2,Pasado [v1],
Módulo Ubicaciones/Ingreso Ubicación,262:Registro exitosa de una ubicación,Pasado [v1],2023-12-12 22:46:12,,2,Pasado [v1],
Módulo Ubicaciones/Ingreso Ubicación,263:El sistema notifica al usuario el resultado de su transacción,Pasado [v1],2023-12-12 22:46:36,,2,Pasado [v1],
Módulo Ubicaciones/Ingreso Ubicación,264:Entradas inválidas para el registro de Ubicación,Pasado [v1],2023-12-12 22:47:36,,2,Pasado [v1],
Módulo Ubicaciones/Ingreso Ubicación,271:Cancelar registro de nueva ubicación,Bloqueado [v1],2023-12-12 22:49:13,El sistema no tiene un botón "Cancelar" en la interfaz de ingreso de ubicación.,1,Bloqueado [v1],El sistema no tiene un botón "Cancelar" en la interfaz de ingreso de ubicación.
Módulo Ubicaciones/Modificación de Ubicaciones,272:Modificación exitosa,Pasado [v1],2023-12-12 22:49:37,,2,Pasado [v1],
Módulo Ubicaciones/Modificación de Ubicaciones,273:Modificación de la ubicación por parte del usuario administrador,Pasado [v1],2023-12-12 22:49:51,,2,Pasado [v1],
Módulo Ubicaciones/Modificación de Ubicaciones,274:Modificación de la ubicación por parte del usuario auxiliar administrativo,Pasado [v1],2023-12-12 22:50:46,,2,Pasado [v1],
Módulo Ubicaciones/Modificación de Ubicaciones,275:Modificación de la ubicación por parte del usuario ingeniero biomédico,Pasado [v1],2023-12-12 22:51:10,,2,Pasado [v1],
Módulo Ubicaciones/Modificación de Ubicaciones,276:Modificación de la ubicación por parte del usuario tecnólogo,Pasado [v1],2023-12-12 22:51:20,,2,Pasado [v1],
Módulo Ubicaciones/Modificación de Ubicaciones,277:Modificación de la ubicación por parte del usuario técnico,Pasado [v1],2023-12-12 22:52:00,,2,Pasado [v1],
Módulo Ubicaciones/Modificación de Ubicaciones,278:Modificación del sector,Pasado [v1],2023-12-12 22:52:34,,2,Pasado [v1],
Módulo Ubicaciones/Modificación de Ubicaciones,279:Modificación de nombre,Pasado [v1],2023-12-12 22:53:52,,2,Pasado [v1],
Módulo Ubicaciones/Modificación de Ubicaciones,280:Modificación de número,Pasado [v1],2023-12-12 22:54:03,,2,Pasado [v1],
Módulo Ubicaciones/Modificación de Ubicaciones,281:Modificación de piso,Pasado [v1],2023-12-12 22:54:23,,2,Pasado [v1],
Módulo Ubicaciones/Modificación de Ubicaciones,282:Modificación de cama,Pasado [v1],2023-12-12 22:55:08,,2,Pasado [v1],
Módulo Ubicaciones/Modificación de Ubicaciones,283:Modificación de la institución,Pasado [v1],2023-12-12 23:01:41,,2,Pasado [v1],
Módulo Ubicaciones/Modificación de Ubicaciones,284:Cancelar modificación de ubicación,Bloqueado [v1],2023-12-12 23:02:24,El sistema no tiene un botón "Cancelar" en la interfaz de modificación de una ubicación.,,Bloqueado [v1],El sistema no tiene un botón "Cancelar" en la interfaz de modificación de una ubicación.
Módulo Ubicaciones/Baja Ubicación,285:Baja de Ubicación,Pasado [v1],2023-12-12 23:07:57,,2,Pasado [v1],
Módulo Ubicaciones/Baja Ubicación,286:Cancelar baja de Ubicación,Bloqueado [v1],2023-12-12 23:08:54,El sistema no tiene un botón "Cancelar" en la interfaz de dar baja una ubicación.,1,Bloqueado [v1],El sistema no tiene un botón "Cancelar" en la interfaz de dar baja una ubicación.
Módulo Ubicaciones/Baja Ubicación,287:Ubicación no disponible,Pasado [v1],2023-12-12 23:09:44,,2,Pasado [v1],
Módulo Ubicaciones/Baja Ubicación,288:Entradas inválidas para el registro de Baja de Ubicación,Pasado [v1],2023-12-12 23:11:23,,2,Pasado [v1],
Módulo Ubicaciones/Baja Ubicación,348:Baja de Ubicación por un usuario administrador,Pasado [v1],2023-12-12 23:06:25,,2,Pasado [v1],
Módulo Ubicaciones/Baja Ubicación,349:Baja de Ubicación por un usuario auxliar administrativo,Pasado [v1],2023-12-12 23:05:49,,2,Pasado [v1],
Módulo Ubicaciones/Baja Ubicación,350:Baja de Ubicación por un usuario ingeniero biomédico,Pasado [v1],2023-12-12 23:05:25,,2,Pasado [v1],
Módulo Ubicaciones/Baja Ubicación,351:Baja de Ubicación por un usuario tecnólogo,Pasado [v1],2023-12-12 23:05:06,,2,Pasado [v1],
Módulo Ubicaciones/Baja Ubicación,352:Baja de Ubicación por un usuario técnico,Pasado [v1],2023-12-12 23:03:36,,2,Pasado [v1],
Módulo Ubicaciones/Movimiento Equipo,295:Realizar movimiento del equipo,Pasado [v1],2023-12-12 23:20:55,,2,Pasado [v1],
Módulo Ubicaciones/Movimiento Equipo,296:Cancelar movimiento del equipo,Bloqueado [v1],2023-12-12 23:21:14,,1,Bloqueado [v1],
Módulo Ubicaciones/Movimiento Equipo,297:Entradas inválidas para el registro de Movimiento de Equipo,Pasado [v1],2023-12-12 23:31:53,,2,Pasado [v1],
Módulo Ubicaciones/Movimiento Equipo,356:Realizar movimiento del equipo por parte de un administrador,Pasado [v1],2023-12-12 23:20:15,,2,Pasado [v1],
Módulo Ubicaciones/Movimiento Equipo,357:Realizar movimiento del equipo por parte de un auxiliar administrativo,Pasado [v1],2023-12-12 23:13:36,,2,Pasado [v1],
Módulo Ubicaciones/Movimiento Equipo,358:Realizar movimiento del equipo por parte de un ingeniero biomédico,Pasado [v1],2023-12-12 23:13:11,,2,Pasado [v1],
Módulo Ubicaciones/Movimiento Equipo,359:Realizar movimiento del equipo por parte de un tecnólogo,Pasado [v1],2023-12-12 23:12:51,,2,Pasado [v1],
Módulo Ubicaciones/Movimiento Equipo,360:Realizar movimiento del equipo por parte de un técnico,Pasado [v1],2023-12-12 23:12:36,,2,Pasado [v1],
Módulo Equipos/Modificar Equipo,320:Modificar un equipo desde el listado de equipo como administrador.,Pasado [v1],2023-12-12 18:15:14,,2,Pasado [v1],
Módulo Equipos/Modificar Equipo,322:Modificar un equipo desde el listado de equipo como auxiliar administrador.,Pasado [v1],2023-12-12 18:15:57,,2,Pasado [v1],
Módulo Equipos/Modificar Equipo,324:Modificar un equipo desde el listado de equipo como Ingeniero biomédico,Pasado [v1],2023-12-12 18:16:37,,2,Pasado [v1],
Módulo Equipos/Modificar Equipo,325:Modificar un equipo desde el listado de equipo como Tecnólogo.,Pasado [v1],2023-12-12 18:17:43,,2,Pasado [v1],
Módulo Equipos/Modificar Equipo,327:Modificar un equipo desde el listado de equipo como Técnico.,Pasado [v1],2023-12-12 18:18:34,,2,Pasado [v1],
Módulo Equipos/Modificar Equipo,329:Modificación de Equipos con datos inválidos,Pasado [v1],2023-12-12 18:18:59,,1,Pasado [v1],
Módulo Ubicaciones/Listado Movimientos de Equipos,321:Listar Movimiento de Equipo por Equipo,Pasado [v1],2023-12-12 23:38:11,,2,Pasado [v1],
Módulo Ubicaciones/Listado Movimientos de Equipos,323:Listar Movimiento de Equipo por Identificación de Equipo,Pasado [v1],2023-12-12 23:38:43,,2,Pasado [v1],
Módulo Ubicaciones/Listado Movimientos de Equipos,326:Listar Movimiento de Equipo por Institución,Pasado [v1],2023-12-12 23:43:06,,2,Pasado [v1],
Módulo Ubicaciones/Listado Movimientos de Equipos,328:Listar Movimiento de Equipo por Sector,Pasado [v1],2023-12-12 23:43:31,,2,Pasado [v1],
Módulo Ubicaciones/Listado Movimientos de Equipos,330:Listar Movimiento de Equipo por Usuario,Pasado [v1],2023-12-12 23:44:01,,2,Pasado [v1],
Módulo Ubicaciones/Listado Movimientos de Equipos,331:Listado por filtros inncompatibles,Pasado [v1],2023-12-12 23:45:40,,2,Pasado [v1],
Módulo Ubicaciones/Listado Movimientos de Equipos,332:Combinar Filtros,Pasado [v1],2023-12-12 23:46:48,,2,Pasado [v1],
Módulo Ubicaciones/Listado Movimientos de Equipos,337:Listar por fechas,Pasado [v1],2023-12-12 23:47:10,,2,Pasado [v1],
Módulo Ubicaciones/Listado Movimientos de Equipos,384:Filtros incompatibles,Pasado [v1],2023-12-12 23:32:15,,2,Pasado [v1],
Módulo Tipo de Intervención/Registro Tipo de Intervención,338:Ingresar Tipo de intervencion con datos validos,Pasado [v1],2023-12-12 20:16:22,,1,Pasado [v1],
Módulo Tipo de Intervención/Registro Tipo de Intervención,339:Ingreso de entrada inválida en campo "Tipo de Intervención ",Pasado [v1],2023-12-12 20:16:38,,1,Pasado [v1],
Módulo Tipo de Intervención/Registro Tipo de Intervención,343:Ingresar Tipo de intervención que ya existe,Pasado [v1],2023-12-12 20:18:02,,1,Pasado [v1],
Módulo Tipo de Intervención/Listado Tipo de intervención,344:Visualización del listado de Tipo de Intervención,Pasado [v1],2023-12-12 20:18:33,,2,Pasado [v1],
Módulo Tipo de Intervención/Listado Tipo de intervención,345:Visualización del listado de Tipo de intervención filtrado por tipo,Pasado [v1],2023-12-12 20:18:45,,2,Pasado [v1],
Módulo Tipo de Intervención/Listado Tipo de intervención,346:Visualización del listado de Tipo de intervención filtrado por estado.,Pasado [v1],2023-12-12 20:24:09,,2,Pasado [v1],
Módulo Tipo de Intervención/Listado Tipo de intervención,355:Acceso a la pagina "Listado Tipo de Intervención" por un usuario no autorizado,Pasado [v1],2023-12-12 20:26:04,,2,Pasado [v1],
Módulo Tipo de Intervención/Listado Tipo de intervención,385:Descargar listado/reporte de Tipo de Intervención,Pasado [v1],2023-12-12 20:18:13,,2,Pasado [v1],
Módulo Tipo de Intervención/Modificar Tipo de intervención,353:Modificación de Tipo de Intervención con datos válidos,Pasado [v1],2023-12-12 20:26:14,,2,Pasado [v1],
Módulo Tipo de Intervención/Modificar Tipo de intervención,361:Modificación del nombre de Tipo de Intervención,Pasado [v1],2023-12-12 20:26:24,,1,Pasado [v1],
Módulo Tipo de Intervención/Baja Tipo de intervención,362:Baja lógica de Tipo de Intervención con éxito,Pasado [v1],2023-12-12 20:26:37,,2,Pasado [v1],
Módulo Tipo de Intervención/Baja Tipo de intervención,363:Baja lógica de Tipo de Intervención que está en uso,Pasado [v1],2023-12-12 20:27:33,,2,Pasado [v1],
Módulo Tipo de Intervención/Baja Tipo de intervención,363:Baja lógica de Tipo de Intervención que está en uso,Pasado [v1],2023-12-12 20:27:33,,2,Pasado [v1],
