Suite de Pruebas,ID Caso,Descripcion Caso,Prioridad,v1 Resultado,v1 Asignado a,v1 Fecha,v1 Testeado por,v1 Notas,v1 Duracion (min),v2 Resultado,v2 Asignado a,v2 Fecha,v2 Testeado por,v2 Notas,v2 Duracion (min)
Gestión de Usuarios - Registro de Usuario,PFTDZGR06-55,000_Registro de Usuario con datos válidos,Alta,Pasado [v1],equipo qa,2025-11-26 23:33:45,equipo qa,,2,Pasado [v2],equipo qa,2025-11-29 03:25:45,equipo qa,,2
Gestión de Usuarios - Registro de Usuario,PFTDZGR06-41,001_Registro de usuario con nombre inválido,Alta,Pasado [v1],equipo qa,2025-11-26 23:35:19,equipo qa,,1,Pasado [v2],equipo qa,2025-11-29 03:33:21,equipo qa,,2
Gestión de Usuarios - Registro de Usuario,PFTDZGR06-42,002_Registro de usuario con nombre vacío,Alta,Pasado [v1],equipo qa,2025-11-26 23:37:06,equipo qa,,1,Pasado [v2],equipo qa,2025-11-29 03:33:31,equipo qa,,1
Gestión de Usuarios - Registro de Usuario,PFTDZGR06-44,003_Registro de usuario con Apellido inválido,Media,Pasado [v1],equipo qa,2025-11-26 23:38:48,equipo qa,,1,Pasado [v2],equipo qa,2025-11-29 03:33:44,equipo qa,,2
Gestión de Usuarios - Registro de Usuario,PFTDZGR06-43,004_Registro de usuario con Apellido vacío,Alta,Pasado [v1],equipo qa,2025-11-26 23:39:51,equipo qa,,1,Pasado [v2],equipo qa,2025-11-29 03:33:55,equipo qa,,1
Gestión de Usuarios - Registro de Usuario,PFTDZGR06-45,005_Registro de usuario con Tipo Documento vacío,Alta,Pasado [v1],equipo qa,2025-11-26 23:40:16,equipo qa,,1,Pasado [v2],equipo qa,2025-11-29 03:34:13,equipo qa,,1
Gestión de Usuarios - Registro de Usuario,PFTDZGR06-132,005.2_ Registro de usuario con Tipo de Documento inválido,Alta,Pasado [v1],equipo qa,2025-11-26 23:41:06,equipo qa,,1,Pasado [v2],equipo qa,2025-11-29 03:34:39,equipo qa,,1
Gestión de Usuarios - Registro de Usuario,PFTDZGR06-46,006_Registro de usuario con Núm de CI vacío,Alta,Pasado [v1],equipo qa,2025-11-26 23:41:28,equipo qa,,1,Pasado [v2],equipo qa,2025-11-29 03:34:58,equipo qa,,1
Gestión de Usuarios - Registro de Usuario,PFTDZGR06-47,007_Registro de usuario con Núm de CI inválido,Alta,Pasado [v1],equipo qa,2025-11-26 23:49:05,equipo qa,"El caso se toma como pasado, ya que el requerimiento funcional se cumple, que es no permitir el registro. Sin embargo se debe mejorar la validación en la interfaz gráfica para evitar que se envien datos inválidos.",2,Pasado [v2],equipo qa,2025-11-29 04:47:37,equipo qa,,1
Gestión de Usuarios - Registro de Usuario,PFTDZGR06-133,008.1_ Registro de usuario con Fecha de Nac futuro,Alta,Pasado [v1],equipo qa,2025-11-26 23:49:40,equipo qa,,1,Pasado [v2],equipo qa,2025-11-29 03:43:48,equipo qa,,1
Gestión de Usuarios - Registro de Usuario,PFTDZGR06-134,008.2_ Registro de usuario con Fecha de Nac vacío,Alta,Pasado [v1],equipo qa,2025-11-26 23:50:10,equipo qa,,1,Pasado [v2],equipo qa,2025-11-29 03:44:01,equipo qa,,1
Gestión de Usuarios - Registro de Usuario,PFTDZGR06-137,008.3_ Registro de usuario con Fecha de Nac menor a 18 años,Alta,Pasado [v1],equipo qa,2025-11-27 00:06:55,equipo qa,,1,Pasado [v2],equipo qa,2025-11-29 03:46:02,equipo qa,,1
Gestión de Usuarios - Registro de Usuario,PFTDZGR06-144,012_Registro de usuario con Domicilio Inválido,Alta,Pasado [v1],equipo qa,2025-11-28 02:57:47,equipo qa,,1,Pasado [v2],equipo qa,2025-11-29 03:47:22,equipo qa,,1
Gestión de Usuarios - Registro de Usuario,PFTDZGR06-143,013_Registro de usuario con Domicilio vacío,Alta,Pasado [v1],equipo qa,2025-11-28 02:58:08,equipo qa,,1,Pasado [v2],equipo qa,2025-11-29 03:47:33,equipo qa,,1
Gestión de Usuarios - Registro de Usuario,PFTDZGR06-54,014_Registro de usuario con Apartamento vacío,Alta,Pasado [v1],equipo qa,2025-11-28 03:00:42,equipo qa,,2,Pasado [v2],equipo qa,2025-11-29 03:47:46,equipo qa,,1
Gestión de Usuarios - Registro de Usuario,PFTDZGR06-60,019_Registro de usuario con Teléfono vacío,Alta,Pasado [v1],equipo qa,2025-11-28 03:01:35,equipo qa,,1,Pasado [v2],equipo qa,2025-11-29 03:48:00,equipo qa,,1
Gestión de Usuarios - Registro de Usuario,PFTDZGR06-139,020_Registro de usuario con Teléfono caracteres especiales,Alta,Pasado [v1],equipo qa,2025-11-28 03:03:02,equipo qa,,1,Pasado [v2],equipo qa,2025-11-29 03:48:15,equipo qa,,1
Gestión de Usuarios - Registro de Usuario,PFTDZGR06-64,023_Registro de usuario con Email inválido,Alta,Pasado [v1],equipo qa,2025-11-28 03:03:44,equipo qa,,1,Pasado [v2],equipo qa,2025-11-29 03:48:31,equipo qa,,1
Gestión de Usuarios - Registro de Usuario,PFTDZGR06-3,024_Registro de usuario con Email duplicado,Media,Pasado [v1],equipo qa,2025-11-28 03:04:48,equipo qa,,1,Pasado [v2],equipo qa,2025-11-29 04:47:54,equipo qa,,1
Gestión de Usuarios - Registro de Usuario,PFTDZGR06-65,025_Registro de usuario con Email vacío,Alta,Pasado [v1],equipo qa,2025-11-28 03:05:21,equipo qa,,1,Pasado [v2],equipo qa,2025-11-29 03:48:47,equipo qa,,1
Gestión de Usuarios - Registro de Usuario,PFTDZGR06-66,026.1_Registro de usuario con Contraseña vacía,Alta,Pasado [v1],equipo qa,2025-11-28 03:06:00,equipo qa,,1,Pasado [v2],equipo qa,2025-11-29 03:49:08,equipo qa,,1
Gestión de Usuarios - Registro de Usuario,PFTDZGR06-140,026.2_Registro de usuario con Contraseña inválida solo caracteres,Alta,Pasado [v1],equipo qa,2025-11-28 03:06:55,equipo qa,,1,Pasado [v2],equipo qa,2025-11-29 03:49:24,equipo qa,,1
Gestión de Usuarios - Registro de Usuario,PFTDZGR06-141,026.3_Registro de usuario con Contraseña inválida solo numeros,Alta,Pasado [v1],equipo qa,2025-11-28 03:07:26,equipo qa,,1,Pasado [v2],equipo qa,2025-11-29 03:49:33,equipo qa,,1
Gestión de Usuarios - Registro de Usuario,PFTDZGR06-142,026.4_Registro de usuario con Contraseña menor al mínimo,Alta,Pasado [v1],equipo qa,2025-11-28 03:07:49,equipo qa,,1,Pasado [v2],equipo qa,2025-11-29 03:49:50,equipo qa,,1
Gestión de Usuarios - Registro de Usuario,PFTDZGR06-67,027_Registro de usuario Socio,Alta,Pasado [v1],equipo qa,2025-11-28 03:21:16,equipo qa,,2,Pasado [v2],equipo qa,2025-11-29 03:50:09,equipo qa,,2
Gestión de Usuarios - Registro de Usuario,PFTDZGR06-68,028_Registro de usuario Administrativo,Alta,Pasado [v1],equipo qa,2025-11-28 03:21:52,equipo qa,,2,Pasado [v2],equipo qa,2025-11-29 04:01:24,equipo qa,,2
Gestión de Usuarios - Registro de Usuario,PFTDZGR06-146,029_Registro de Socio con Subcomisión vacío,Alta,Fallado [v1],equipo qa,2025-11-28 03:23:05,equipo qa,,2,Pasado [v2],equipo qa,2025-11-29 04:01:40,equipo qa,,1
Gestión de Usuarios - Registro de Usuario,PFTDZGR06-147,030_Registro de Socio con Subcomisión inválida,Alta,Pasado [v1],equipo qa,2025-11-28 03:23:38,equipo qa,,1,Pasado [v2],equipo qa,2025-11-29 04:01:54,equipo qa,,1
Gestión de Usuarios - Listado de Usuarios,PFTDZGR06-9,001_Listado de todos los usuarios,Media,Pasado [v1],equipo qa,2025-11-28 03:25:21,equipo qa,,1,Pasado [v2],equipo qa,2025-11-29 03:14:04,equipo qa,,1
Gestión de Usuarios - Listado de Usuarios,PFTDZGR06-29,002_Listado Filtro por Estado,Alta,Pasado [v1],equipo qa,2025-11-28 03:26:07,equipo qa,,1,Pasado [v2],equipo qa,2025-11-29 03:14:28,equipo qa,,1
Gestión de Usuarios - Listado de Usuarios,PFTDZGR06-69,003_Listado Filtro por Nombre,Media,Pasado [v1],equipo qa,2025-11-28 03:26:22,equipo qa,,1,Pasado [v2],equipo qa,2025-11-29 03:14:54,equipo qa,,1
Gestión de Usuarios - Listado de Usuarios,PFTDZGR06-70,004_Listado Filtro por Apellido,Media,Pasado [v1],equipo qa,2025-11-28 03:26:39,equipo qa,,1,Pasado [v2],equipo qa,2025-11-29 03:15:18,equipo qa,,1
Gestión de Usuarios - Listado de Usuarios,PFTDZGR06-71,005_Listado Filtro por Documento,Media,Pasado [v1],equipo qa,2025-11-28 03:26:50,equipo qa,,1,Pasado [v2],equipo qa,2025-11-29 03:15:38,equipo qa,,1
Gestión de Usuarios - Listado de Usuarios,PFTDZGR06-72,006_Listado Filtro por Tipo de Usuario,Media,Pasado [v1],equipo qa,2025-11-28 03:26:59,equipo qa,,1,Pasado [v2],equipo qa,2025-11-29 03:16:13,equipo qa,,1
Gestión de Usuarios - Modificación de Usuario,PFTDZGR06-73,001_ Modificación de No Socio a Socio,Media,Pasado [v1],equipo qa,2025-11-28 03:28:07,equipo qa,,2,Pasado [v2],equipo qa,2025-11-29 04:02:14,equipo qa,,2
Gestión de Usuarios - Modificación de Usuario,PFTDZGR06-74,002_ Modificación de Socio a No Socio,Media,Pasado [v1],equipo qa,2025-11-28 03:28:30,equipo qa,,2,Pasado [v2],equipo qa,2025-11-29 04:02:28,equipo qa,,2
Gestión de Usuarios - Modificación de Usuario,PFTDZGR06-75,003_ Modificación de Nro de Documento,Alta,Pasado [v1],equipo qa,2025-11-28 03:29:06,equipo qa,,1,Pasado [v2],equipo qa,2025-11-29 04:02:43,equipo qa,,1
Gestión de Usuarios - Modificación de Usuario,PFTDZGR06-76,004_ Modificación de Tipo de Documento,Alta,Pasado [v1],equipo qa,2025-11-28 03:29:27,equipo qa,,1,Pasado [v2],equipo qa,2025-11-29 04:02:53,equipo qa,,1
Gestión de Usuarios - Modificación de Usuario,PFTDZGR06-77,005_ Modificación del Email,Media,Pasado [v1],equipo qa,2025-11-28 03:29:44,equipo qa,,1,Pasado [v2],equipo qa,2025-11-29 04:03:06,equipo qa,,1
Gestión de Usuarios - Modificación de Usuario,PFTDZGR06-78,006_ Modificación de la Contraseña,Media,Pasado [v1],equipo qa,2025-11-28 03:30:11,equipo qa,,1,Pasado [v2],equipo qa,2025-11-29 04:03:17,equipo qa,,1
Gestión de Usuarios - Modificación de Usuario,PFTDZGR06-79,007_Modificación de usuario a nombre inválido,Media,Pasado [v1],equipo qa,2025-11-28 03:31:10,equipo qa,,1,Pasado [v2],equipo qa,2025-11-29 04:08:19,equipo qa,,1
Gestión de Usuarios - Modificación de Usuario,PFTDZGR06-80,008_Modificación de usuario a nombre vacío,Media,Pasado [v1],equipo qa,2025-11-28 03:31:44,equipo qa,,1,Pasado [v2],equipo qa,2025-11-29 04:08:44,equipo qa,,1
Gestión de Usuarios - Modificación de Usuario,PFTDZGR06-81,009_Modificación de usuario a Apellido inválido,Media,Pasado [v1],equipo qa,2025-11-28 03:32:14,equipo qa,,1,Pasado [v2],equipo qa,2025-11-29 04:08:59,equipo qa,,1
Gestión de Usuarios - Modificación de Usuario,PFTDZGR06-82,010_Modificación de usuario a  Apellido vacío,Media,Pasado [v1],equipo qa,2025-11-28 03:32:44,equipo qa,,1,Pasado [v2],equipo qa,2025-11-29 04:09:08,equipo qa,,1
Gestión de Usuarios - Modificación de Usuario,PFTDZGR06-150,011.1_Modificación de usuario a Fecha de Nac futuro,Media,Pasado [v1],equipo qa,2025-11-28 03:33:18,equipo qa,,1,Pasado [v2],equipo qa,2025-11-29 04:09:20,equipo qa,,1
Gestión de Usuarios - Modificación de Usuario,PFTDZGR06-171,011.2_Modificación de usuario a Fecha de Nac Año vacío,Media,Pasado [v1],equipo qa,2025-11-28 03:33:46,equipo qa,,1,Pasado [v2],equipo qa,2025-11-29 04:09:32,equipo qa,,1
Gestión de Usuarios - Modificación de Usuario,PFTDZGR06-152,011.3_Modificación de usuario a Fecha de Nac menor a 18 años,Media,Pasado [v1],equipo qa,2025-11-28 03:34:00,equipo qa,,1,Pasado [v2],equipo qa,2025-11-29 04:09:43,equipo qa,,1
Gestión de Usuarios - Modificación de Usuario,PFTDZGR06-156,012_Modificación de usuario a Teléfono vacío,Media,Pasado [v1],equipo qa,2025-11-28 03:35:12,equipo qa,,1,Pasado [v2],equipo qa,2025-11-29 04:10:21,equipo qa,,1
Gestión de Usuarios - Modificación de Usuario,PFTDZGR06-157,013_Modificación de usuario a Teléfono caracteres especiales,Media,Pasado [v1],equipo qa,2025-11-28 03:35:26,equipo qa,,1,Pasado [v2],equipo qa,2025-11-29 04:10:30,equipo qa,,1
Gestión de Usuarios - Modificación de Usuario,PFTDZGR06-158,014_Modificación de usuario a Domicilio Inválido,Media,Pasado [v1],equipo qa,2025-11-28 03:36:04,equipo qa,,1,Pasado [v2],equipo qa,2025-11-29 04:10:43,equipo qa,,1
Gestión de Usuarios - Modificación de Usuario,PFTDZGR06-159,015_Modificación de usuario a Domicilio vacío,Media,Pasado [v1],equipo qa,2025-11-28 03:36:20,equipo qa,,1,Pasado [v2],equipo qa,2025-11-29 04:10:52,equipo qa,,1
Gestión de Usuarios - Modificación de Usuario,PFTDZGR06-160,016_ Modificación de usuario a Apartamento vacío,Media,Pasado [v1],equipo qa,2025-11-28 03:36:40,equipo qa,,1,Pasado [v2],equipo qa,2025-11-29 04:11:04,equipo qa,,1
Gestión de Usuarios - Modificación de Usuario,PFTDZGR06-161,017_ Modificación de usuario con datos válidos,Media,Pasado [v1],equipo qa,2025-11-28 03:37:11,equipo qa,,2,Pasado [v2],equipo qa,2025-11-29 04:11:36,equipo qa,,1
Gestión de Usuarios - Baja - Reactivación de Usuario,PFTDZGR06-15,001_Baja de Usuario,Media,Pasado [v1],equipo qa,2025-11-28 03:39:39,equipo qa,,1,Pasado [v2],equipo qa,2025-11-29 03:20:10,equipo qa,,1
Gestión de Usuarios - Baja - Reactivación de Usuario,PFTDZGR06-98,002_Reactivación de Usuario,Media,Pasado [v1],equipo qa,2025-11-28 03:39:53,equipo qa,,1,Pasado [v2],equipo qa,2025-11-29 03:20:22,equipo qa,,1
Gestión de Usuarios - Login de Usuario,PFTDZGR06-99,001_Login con credenciales válidas,Media,Pasado [v1],equipo qa,2025-11-28 03:40:28,equipo qa,,1,Pasado [v2],equipo qa,2025-11-29 03:09:44,equipo qa,,1
Gestión de Usuarios - Login de Usuario,PFTDZGR06-100,002_Login con Email vacío,Media,Pasado [v1],equipo qa,2025-11-28 03:40:56,equipo qa,,1,Pasado [v2],equipo qa,2025-11-29 03:09:56,equipo qa,,1
Gestión de Usuarios - Login de Usuario,PFTDZGR06-101,003_Login con Contraseña vacía,Media,Pasado [v1],equipo qa,2025-11-28 03:41:11,equipo qa,,1,Pasado [v2],equipo qa,2025-11-29 03:10:09,equipo qa,,1
Gestión de Usuarios - Login de Usuario,PFTDZGR06-102,004_Login con Email incorrecto,Media,Pasado [v1],equipo qa,2025-11-28 03:41:50,equipo qa,,1,Pasado [v2],equipo qa,2025-11-29 03:10:22,equipo qa,,1
Gestión de Usuarios - Login de Usuario,PFTDZGR06-103,005_Login con Contraseña incorrecto,Media,Pasado [v1],equipo qa,2025-11-28 03:42:41,equipo qa,,1,Pasado [v2],equipo qa,2025-11-29 03:10:33,equipo qa,,1
Gestión de Usuarios - Modificación de datos propios del Usuario,PFTDZGR06-181,002_ Modificación de usuario con datos válidos,Media,Pasado [v1],equipo qa,2025-11-28 03:43:23,equipo qa,,2,Pasado [v2],equipo qa,2025-11-29 04:43:43,equipo qa,,2
Gestión de Usuarios - Modificación de datos propios del Usuario,PFTDZGR06-162,003_ Modificación de Nro de Documento,Media,Pasado [v1],equipo qa,2025-11-28 03:47:31,equipo qa,,1,Pasado [v2],equipo qa,2025-11-29 04:43:55,equipo qa,,1
Gestión de Usuarios - Modificación de datos propios del Usuario,PFTDZGR06-163,004_ Modificación de Tipo de Documento,Media,Pasado [v1],equipo qa,2025-11-28 03:47:46,equipo qa,,1,Pasado [v2],equipo qa,2025-11-29 04:44:02,equipo qa,,1
Gestión de Usuarios - Modificación de datos propios del Usuario,PFTDZGR06-164,005_ Modificación del Email,Media,Pasado [v1],equipo qa,2025-11-28 03:48:07,equipo qa,,1,Pasado [v2],equipo qa,2025-11-29 04:44:13,equipo qa,,1
Gestión de Usuarios - Modificación de datos propios del Usuario,PFTDZGR06-165,006.1_ Modificación de la Contraseña a solo caracteres,Media,Pasado [v1],equipo qa,2025-11-28 03:48:35,equipo qa,,1,Pasado [v2],equipo qa,2025-11-29 04:44:24,equipo qa,,1
Gestión de Usuarios - Modificación de datos propios del Usuario,PFTDZGR06-182,006.2_ Modificación de la Contraseña a solo números,Media,Pasado [v1],equipo qa,2025-11-28 03:48:45,equipo qa,,1,Pasado [v2],equipo qa,2025-11-29 04:44:35,equipo qa,,1
Gestión de Usuarios - Modificación de datos propios del Usuario,PFTDZGR06-183,006.3_Modificación de la Contraseña no cumpliendo el mínimo,Media,Pasado [v1],equipo qa,2025-11-28 03:49:14,equipo qa,,1,Pasado [v2],equipo qa,2025-11-29 04:44:46,equipo qa,,1
Gestión de Usuarios - Modificación de datos propios del Usuario,PFTDZGR06-184,006.4_Modificación de la Contraseña a vacía,Media,Pasado [v1],equipo qa,2025-11-28 03:49:47,equipo qa,,1,Pasado [v2],equipo qa,2025-11-29 04:45:01,equipo qa,,1
Gestión de Usuarios - Modificación de datos propios del Usuario,PFTDZGR06-166,007_Modificación de usuario a nombre inválido,Media,Pasado [v1],equipo qa,2025-11-28 03:50:20,equipo qa,,1,Pasado [v2],equipo qa,2025-11-29 04:45:14,equipo qa,,1
Gestión de Usuarios - Modificación de datos propios del Usuario,PFTDZGR06-167,008_Modificación de usuario a nombre vacío,Media,Pasado [v1],equipo qa,2025-11-28 03:50:32,equipo qa,,1,Pasado [v2],equipo qa,2025-11-29 04:45:27,equipo qa,,1
Gestión de Usuarios - Modificación de datos propios del Usuario,PFTDZGR06-168,009_Modificación de usuario a Apellido inválido,Media,Pasado [v1],equipo qa,2025-11-28 03:50:52,equipo qa,,1,Pasado [v2],equipo qa,2025-11-29 04:45:38,equipo qa,,1
Gestión de Usuarios - Modificación de datos propios del Usuario,PFTDZGR06-169,010_Modificación de usuario a  Apellido vacío,Media,Pasado [v1],equipo qa,2025-11-28 03:51:05,equipo qa,,1,Pasado [v2],equipo qa,2025-11-29 04:45:57,equipo qa,,1
Gestión de Usuarios - Modificación de datos propios del Usuario,PFTDZGR06-170,011.1_Modificación de usuario a Fecha de Nac futura,Media,Pasado [v1],equipo qa,2025-11-28 03:51:47,equipo qa,,1,Pasado [v2],equipo qa,2025-11-29 04:46:08,equipo qa,,1
Gestión de Usuarios - Modificación de datos propios del Usuario,PFTDZGR06-151,011.2_Modificación de usuario a Fecha de Nac Año vacío,Media,Pasado [v1],equipo qa,2025-11-28 03:52:02,equipo qa,,1,Pasado [v2],equipo qa,2025-11-29 04:46:18,equipo qa,,1
Gestión de Usuarios - Modificación de datos propios del Usuario,PFTDZGR06-176,012_Modificación de usuario a Teléfono vacío,Media,Pasado [v1],equipo qa,2025-11-28 03:52:13,equipo qa,,1,Pasado [v2],equipo qa,2025-11-29 04:46:32,equipo qa,,1
Gestión de Usuarios - Modificación de datos propios del Usuario,PFTDZGR06-177,013_Modificación de usuario a Teléfono caracteres especiales,Media,Pasado [v1],equipo qa,2025-11-28 03:52:29,equipo qa,,1,Pasado [v2],equipo qa,2025-11-29 04:46:46,equipo qa,,1
Gestión de Usuarios - Modificación de datos propios del Usuario,PFTDZGR06-178,014_Modificación de usuario a Domicilio Inválido,Media,Pasado [v1],equipo qa,2025-11-28 03:53:12,equipo qa,,1,Pasado [v2],equipo qa,2025-11-29 04:46:58,equipo qa,,1
Gestión de Usuarios - Modificación de datos propios del Usuario,PFTDZGR06-179,015_Modificación de usuario a Domicilio vacío,Media,Pasado [v1],equipo qa,2025-11-28 03:53:26,equipo qa,,1,Pasado [v2],equipo qa,2025-11-29 04:47:10,equipo qa,,1
Gestión de Usuarios - Modificación de datos propios del Usuario,PFTDZGR06-180,016_ Modificación de usuario a Apartamento vacío,Media,Pasado [v1],equipo qa,2025-11-28 03:53:37,equipo qa,,1,Pasado [v2],equipo qa,2025-11-29 04:47:20,equipo qa,,1
Gestión de Perfiles - Registro de Perfiles,PFTDZGR06-16,001_Registro de nuevo Perfil,Alta,Pasado [v1],equipo qa,2025-11-28 14:45:25,equipo qa,,2,Pasado [v2],equipo qa,2025-11-29 04:32:38,equipo qa,,
Gestión de Perfiles - Registro de Perfiles,PFTDZGR06-106,002_Registro de Perfil con nombre vacío,Alta,Pasado [v1],equipo qa,2025-11-28 14:48:54,equipo qa,,2,Pasado [v2],equipo qa,2025-11-29 04:33:37,equipo qa,,1
Gestión de Perfiles - Registro de Perfiles,PFTDZGR06-107,003_Registro de Perfil con nombre inválido,Alta,Pasado [v1],equipo qa,2025-11-28 15:13:16,equipo qa,,2,Pasado [v2],equipo qa,2025-11-29 04:34:07,equipo qa,,1
Gestión de Perfiles - Registro de Perfiles,PFTDZGR06-108,004_Registro de Perfil con Descripción vacía,Alta,Pasado [v1],equipo qa,2025-11-28 15:13:33,equipo qa,,2,Pasado [v2],equipo qa,2025-11-29 04:34:32,equipo qa,,1
Gestión de Perfiles - Registro de Perfiles,PFTDZGR06-109,005_Registro de Perfil con Descripción inválida,Alta,Pasado [v1],equipo qa,2025-11-28 15:14:34,equipo qa,,2,Pasado [v2],equipo qa,2025-11-29 04:36:53,equipo qa,,1
Gestión de Perfiles - Listado de Perfiles,PFTDZGR06-110,006_Listado Filtro por Nombre,Alta,Pasado [v1],equipo qa,2025-11-28 15:15:15,equipo qa,,2,Pasado [v2],equipo qa,2025-11-29 04:37:17,equipo qa,,1
Gestión de Perfiles - Listado de Perfiles,PFTDZGR06-111,007_Listado Filtro por Estado,Alta,Fallado [v1],equipo qa,2025-11-28 15:54:09,equipo qa,,2,Pasado [v2],equipo qa,2025-11-29 04:37:26,equipo qa,,1
Gestión de Perfiles - Modificacion de Perfil,PFTDZGR06-112,008_Modificar Descripción de Perfil,Alta,Pasado [v1],equipo qa,2025-11-28 16:17:08,equipo qa,,1,Pasado [v2],equipo qa,2025-11-29 04:38:41,equipo qa,,1
Gestión de Perfiles - Modificacion de Perfil,PFTDZGR06-185,008.1_Modificar Descripción de Perfil con datos inválidos,Alta,Pasado [v1],equipo qa,2025-11-28 16:17:32,equipo qa,,,Pasado [v2],equipo qa,2025-11-29 04:38:59,equipo qa,,1
Gestión de Perfiles - Modificacion de Perfil,PFTDZGR06-186,008.2_Modificar Descripción de Perfil a vacía,Alta,Pasado [v1],equipo qa,2025-11-28 16:18:16,equipo qa,,,Pasado [v2],equipo qa,2025-11-29 04:39:33,equipo qa,,1
Gestión de Perfiles - Modificacion de Perfil,PFTDZGR06-113,009_Modificar Nombre de Perfil,Alta,Pasado [v1],equipo qa,2025-11-28 16:18:23,equipo qa,,,Pasado [v2],equipo qa,2025-11-29 04:40:03,equipo qa,,1
Gestión de Perfiles - Baja - Reactivación de Perfil,PFTDZGR06-26,010_ Dar de baja un Perfil,Media,Pasado [v1],equipo qa,2025-11-28 16:28:08,equipo qa,,,Pasado [v2],equipo qa,2025-11-29 04:40:43,equipo qa,,1
Gestión de Perfiles - Baja - Reactivación de Perfil,PFTDZGR06-114,011_ Reactivar un Perfil,Media,Pasado [v1],equipo qa,2025-11-28 16:28:15,equipo qa,,,Pasado [v2],equipo qa,2025-11-29 04:40:51,equipo qa,,1
Gestión de Funcionalidades - Registro de Funcionalida,PFTDZGR06-115,GF001_Alta de Funcionalidad,Media,Pasado [v1],equipo qa,2025-11-28 16:28:29,equipo qa,,,Pasado [v2],equipo qa,2025-11-29 04:41:02,equipo qa,,1
Gestión de Funcionalidades - Registro de Funcionalida,PFTDZGR06-116,GF002_Alta de Funcionalidad Nombre vacío,Media,Pasado [v1],equipo qa,2025-11-28 16:28:40,equipo qa,,,Pasado [v2],equipo qa,2025-11-29 04:41:30,equipo qa,,1
Gestión de Funcionalidades - Registro de Funcionalida,PFTDZGR06-187,002.2_Alta de Funcionalidad con nombre inválido,Alta,Pasado [v1],equipo qa,2025-11-28 16:38:41,equipo qa,,,Pasado [v2],equipo qa,2025-11-29 04:43:32,equipo qa,,1
Gestión de Funcionalidades - Registro de Funcionalida,PFTDZGR06-117,GF003_Alta de Funcionalidad Descripción vacía,Media,Pasado [v1],equipo qa,2025-11-28 16:39:08,equipo qa,,,Pasado [v2],equipo qa,2025-11-29 04:43:50,equipo qa,,1
Gestión de Funcionalidades - Registro de Funcionalida,PFTDZGR06-188,003.2_Alta de Funcionalidad con Descripción inválida,Alta,Pasado [v1],equipo qa,2025-11-28 16:39:20,equipo qa,,,Pasado [v2],equipo qa,2025-11-29 04:44:01,equipo qa,,1
Gestión de Funcionalidades - Listado de Funcionalidades,PFTDZGR06-118,GF004_Listado Filtro por Nombre,Media,Pasado [v1],equipo qa,2025-11-28 16:40:13,equipo qa,,,Pasado [v2],equipo qa,2025-11-29 04:44:37,equipo qa,,1
Gestión de Funcionalidades - Listado de Funcionalidades,PFTDZGR06-119,GF005_Listado Filtro por Estado,Media,Pasado [v1],equipo qa,2025-11-28 16:40:23,equipo qa,,,Pasado [v2],equipo qa,2025-11-29 04:44:58,equipo qa,,1
Gestión de Funcionalidades - Modificación de Funcionalidad,PFTDZGR06-120,GF006_Modificación de Nombre,Media,Pasado [v1],equipo qa,2025-11-28 16:40:49,equipo qa,,,Pasado [v2],equipo qa,2025-11-29 04:45:12,equipo qa,,1
Gestión de Funcionalidades - Modificación de Funcionalidad,PFTDZGR06-121,GF007_Modificación de Descripción,Media,Pasado [v1],equipo qa,2025-11-28 16:41:03,equipo qa,,,Pasado [v2],equipo qa,2025-11-29 04:45:35,equipo qa,,1
Gestión de Funcionalidades - Baja - Reactivación de Funcionalidad,PFTDZGR06-122,GF008_Baja de Funcionalidad,Media,Pasado [v1],equipo qa,2025-11-28 16:42:15,equipo qa,,,Pasado [v2],equipo qa,2025-11-29 04:47:03,equipo qa,,1
Gestión de Funcionalidades - Baja - Reactivación de Funcionalidad,PFTDZGR06-123,GF009_Reactivación de Funcionalidad,Media,Pasado [v1],equipo qa,2025-11-28 16:41:56,equipo qa,,,Pasado [v2],equipo qa,2025-11-29 04:46:40,equipo qa,,1
Gestión de Funcionalidades - Vinculación de Funcionalidades a Perfiles,PFTDZGR06-124,GF010_ Vincular Funcionalidad con Perfil,Media,Pasado [v1],equipo qa,2025-11-28 16:44:50,equipo qa,,,Pasado [v2],equipo qa,2025-11-29 04:47:44,equipo qa,,1
Gestión de Funcionalidades - Vinculación de Funcionalidades a Perfiles,PFTDZGR06-189,GF011_ Vincular múltiples funcionalidades con un Perfil,Media,Pasado [v1],equipo qa,2025-11-28 16:45:22,equipo qa,,,Pasado [v2],equipo qa,2025-11-29 04:48:23,equipo qa,,1
Gestión de Funcionalidades - Vinculación de Funcionalidades a Perfiles,PFTDZGR06-125,GF012_Eliminar vinculo entre Perfil y Funcionalidad,Media,Pasado [v1],equipo qa,2025-11-28 16:45:32,equipo qa,,,Pasado [v2],equipo qa,2025-11-29 04:48:49,equipo qa,,1
Gestión de Funcionalidades - Vinculación de Funcionalidades a Perfiles,PFTDZGR06-190,GF013_ Ver lista de Vinculaciones,Media,Pasado [v1],equipo qa,2025-11-28 16:47:00,equipo qa,,,Pasado [v2],equipo qa,2025-11-29 04:50:17,equipo qa,,1
Gestión de Auditoría - Reportes de Auditorías,PFTDZGR06-222,000_Registro de acciones de usuario,Alta,Pasado [v1],equipo qa,2025-11-28 16:57:27,equipo qa,,2,Pasado [v2],equipo qa,2025-11-29 04:48:25,equipo qa,,1
Gestión de Auditoría - Reportes de Auditorías,PFTDZGR06-223,001_Reporte de auditoría por usuario,Alta,Pasado [v1],equipo qa,2025-11-28 16:57:33,equipo qa,,2,Pasado [v2],equipo qa,2025-11-29 04:48:36,equipo qa,,1
Gestión de Auditoría - Reportes de Auditorías,PFTDZGR06-224,002_Reporte de auditoría por rango de fechas,Alta,Pasado [v1],equipo qa,2025-11-28 16:57:39,equipo qa,,,Pasado [v2],equipo qa,2025-11-29 04:48:59,equipo qa,,1
Gestión de Auditoría - Reportes de Auditorías,PFTDZGR06-225,003_Búsqueda de auditoría con fechas inválidas,Media,Pasado [v1],equipo qa,2025-11-28 16:57:46,equipo qa,,,Pasado [v2],equipo qa,2025-11-29 04:49:09,equipo qa,,1
Gestión de Auditoría - Reportes de Auditorías,PFTDZGR06-226,004_Búsqueda de auditoría con usuario inexistente,Alta,Pasado [v1],equipo qa,2025-11-28 16:57:58,equipo qa,,,Pasado [v2],equipo qa,2025-11-29 04:50:02,equipo qa,,1
Gestión de Actividades - Registro de Actividad,PFTDZGR06-227,000_Registro de Actividad con datos válidos,Media,Pasado [v1],equipo qa,2025-11-28 03:57:52,equipo qa,,2,Pasado [v2],equipo qa,2025-11-29 04:53:30,equipo qa,,2
Gestión de Actividades - Registro de Actividad,PFTDZGR06-228,001_Registro de Actividad con campos vacíos,Alta,Pasado [v1],equipo qa,2025-11-28 03:58:25,equipo qa,,1,Pasado [v2],equipo qa,2025-11-29 04:53:45,equipo qa,,1
Gestión de Actividades - Registro de Actividad,PFTDZGR06-230,002_Registro de Actividad con nombre vacío,Alta,Pasado [v1],equipo qa,2025-11-28 03:58:35,equipo qa,,1,Pasado [v2],equipo qa,2025-11-29 04:53:57,equipo qa,,1
Gestión de Actividades - Registro de Actividad,PFTDZGR06-231,003_Registro de Actividad con nombre inválido,Alta,Pasado [v1],equipo qa,2025-11-28 03:59:00,equipo qa,,1,Pasado [v2],equipo qa,2025-11-29 04:54:10,equipo qa,,1
Gestión de Actividades - Registro de Actividad,PFTDZGR06-232,004_Registro de Actividad con descripción vacía,Alta,Pasado [v1],equipo qa,2025-11-28 03:59:14,equipo qa,,1,Pasado [v2],equipo qa,2025-11-29 04:54:39,equipo qa,,1
Gestión de Actividades - Registro de Actividad,PFTDZGR06-233,005_Registro de Actividad con tipo de actividad vacío,Alta,Pasado [v1],equipo qa,2025-11-28 03:59:32,equipo qa,,1,Pasado [v2],equipo qa,2025-11-29 04:54:51,equipo qa,,1
Gestión de Actividades - Registro de Actividad,PFTDZGR06-234,006_Registro de Actividad con fecha vacía,Alta,Pasado [v1],equipo qa,2025-11-28 04:00:43,equipo qa,,1,Pasado [v2],equipo qa,2025-11-29 04:56:55,equipo qa,,1
Gestión de Actividades - Registro de Actividad,PFTDZGR06-235,007_Registro de Actividad con fecha anterior a la actual,Alta,Pasado [v1],equipo qa,2025-11-28 04:01:11,equipo qa,,1,Pasado [v2],equipo qa,2025-11-29 04:57:08,equipo qa,,1
Gestión de Actividades - Registro de Actividad,PFTDZGR06-236,008_Registro de Actividad con lugar/espacio vacío,Alta,Pasado [v1],equipo qa,2025-11-28 04:01:28,equipo qa,,1,Pasado [v2],equipo qa,2025-11-29 05:18:45,equipo qa,,1
Gestión de Actividades - Registro de Actividad,PFTDZGR06-237,009_Registro de Actividad con lugar/espacio ocupado,Alta,Fallado [v1],equipo qa,2025-11-28 04:03:10,equipo qa,"El sistema internamente valida el solapamiento de espacio, sin embargo en cuanto a interfaz gráfica el usuario puedo seleccionar cualquier espacio y fecha",1,Pasado [v2],equipo qa,2025-11-29 05:19:20,equipo qa,,1
Gestión de Actividades - Registro de Actividad,PFTDZGR06-238,010_Registro de Actividad con duración vacía,Alta,Pasado [v1],equipo qa,2025-11-28 04:03:25,equipo qa,,1,Pasado [v2],equipo qa,2025-11-29 04:57:46,equipo qa,,1
Gestión de Actividades - Registro de Actividad,PFTDZGR06-239,011_Registro de Actividad sin seleccionar si requiere Inscripción,Alta,Pasado [v1],equipo qa,2025-11-28 04:03:44,equipo qa,,1,Pasado [v2],equipo qa,2025-11-29 04:58:00,equipo qa,,1
Gestión de Actividades - Registro de Actividad,PFTDZGR06-240,012_Registro de Actividad con fecha de apertura de inscripción vacía,Alta,Pasado [v1],equipo qa,2025-11-28 04:04:11,equipo qa,,1,Pasado [v2],equipo qa,2025-11-29 04:58:19,equipo qa,,1
Gestión de Actividades - Registro de Actividad,PFTDZGR06-241,013_Registro de Actividad con fecha de apertura posterior a la fecha de la actividad,Alta,Pasado [v1],equipo qa,2025-11-28 04:04:31,equipo qa,,1,Pasado [v2],equipo qa,2025-11-29 04:58:38,equipo qa,,1
Gestión de Actividades - Registro de Actividad,PFTDZGR06-242,014_Registro de Actividad con costo vacío,Alta,Pasado [v1],equipo qa,2025-11-28 04:05:05,equipo qa,,1,Pasado [v2],equipo qa,2025-11-29 04:58:53,equipo qa,,1
Gestión de Actividades - Registro de Actividad,PFTDZGR06-243,015_Registro de Actividad con costo inválido,Alta,Pasado [v1],equipo qa,2025-11-28 04:06:13,equipo qa,,1,Pasado [v2],equipo qa,2025-11-29 04:59:16,equipo qa,,1
Gestión de Actividades - Registro de Actividad,PFTDZGR06-244,016_Registro de Actividad sin seleccionar forma de pago,Alta,Pasado [v1],equipo qa,2025-11-28 04:06:28,equipo qa,,1,Pasado [v2],equipo qa,2025-11-29 04:59:27,equipo qa,,1
Gestión de Actividades - Listado de Actividades,PFTDZGR06-284,000_Listado de todas las actividades,Alta,Pasado [v1],equipo qa,2025-11-28 04:06:48,equipo qa,,1,Pasado [v2],equipo qa,2025-11-29 04:59:47,equipo qa,,1
Gestión de Actividades - Listado de Actividades,PFTDZGR06-285,001_Listado Filtro por Nombre,Alta,Pasado [v1],equipo qa,2025-11-28 04:07:49,equipo qa,,1,Pasado [v2],equipo qa,2025-11-29 04:59:57,equipo qa,,1
Gestión de Actividades - Listado de Actividades,PFTDZGR06-286,002_Listado Filtro por Tipo de Actividad,Alta,Pasado [v1],equipo qa,2025-11-28 04:08:00,equipo qa,,1,Pasado [v2],equipo qa,2025-11-29 05:00:06,equipo qa,,1
Gestión de Actividades - Listado de Actividades,PFTDZGR06-287,003_Listado Filtro por Fecha,Alta,Pasado [v1],equipo qa,2025-11-28 04:08:19,equipo qa,,1,Pasado [v2],equipo qa,2025-11-29 05:00:16,equipo qa,,1
Gestión de Actividades - Listado de Actividades,PFTDZGR06-288,004_Listado Filtro por Costo,Alta,Pasado [v1],equipo qa,2025-11-28 04:08:38,equipo qa,,1,Pasado [v2],equipo qa,2025-11-29 05:00:25,equipo qa,,1
Gestión de Actividades - Listado de Actividades,PFTDZGR06-289,005_Listado Filtro por Estado,Alta,Pasado [v1],equipo qa,2025-11-28 04:09:00,equipo qa,,1,Pasado [v2],equipo qa,2025-11-29 05:00:35,equipo qa,,1
Gestión de Actividades - Modificación de Actividades,PFTDZGR06-290,000_Modificación de Actividad con datos válidos,Alta,Pasado [v1],equipo qa,2025-11-28 04:12:48,equipo qa,,2,Pasado [v2],equipo qa,2025-11-29 05:05:18,equipo qa,,2
Gestión de Actividades - Modificación de Actividades,PFTDZGR06-291,001_Modificación de nombre de Actividad,Alta,Pasado [v1],equipo qa,2025-11-28 04:13:11,equipo qa,,1,Pasado [v2],equipo qa,2025-11-29 05:05:31,equipo qa,,1
Gestión de Actividades - Modificación de Actividades,PFTDZGR06-292,002_Modificación de actividad a nombre vacio,Alta,Pasado [v1],equipo qa,2025-11-28 04:13:35,equipo qa,,1,Pasado [v2],equipo qa,2025-11-29 05:05:45,equipo qa,,1
Gestión de Actividades - Modificación de Actividades,PFTDZGR06-293,003_Modificación de actividad a descripción vacía,Alta,Pasado [v1],equipo qa,2025-11-28 04:14:04,equipo qa,,1,Pasado [v2],equipo qa,2025-11-29 05:06:01,equipo qa,,1
Gestión de Actividades - Modificación de Actividades,PFTDZGR06-294,004_Modificación de actividad a descripción inválida,Alta,Pasado [v1],equipo qa,2025-11-28 04:14:36,equipo qa,,1,Pasado [v2],equipo qa,2025-11-29 05:06:32,equipo qa,,1
Gestión de Actividades - Modificación de Actividades,PFTDZGR06-295,005_Modificación de actividad a tipo de Actividad vacía,Alta,Pasado [v1],equipo qa,2025-11-28 04:14:57,equipo qa,,1,Pasado [v2],equipo qa,2025-11-29 05:06:52,equipo qa,,1
Gestión de Actividades - Modificación de Actividades,PFTDZGR06-296,006_Modificación de fecha de Actividad a fecha anterior a la actual,Alta,Pasado [v1],equipo qa,2025-11-28 04:15:30,equipo qa,,1,Pasado [v2],equipo qa,2025-11-29 05:07:08,equipo qa,,1
Gestión de Actividades - Modificación de Actividades,PFTDZGR06-297,007_Modificación de fecha de Actividad vacía,Alta,Pasado [v1],equipo qa,2025-11-28 04:15:42,equipo qa,,1,Pasado [v2],equipo qa,2025-11-29 05:07:20,equipo qa,,1
Gestión de Actividades - Modificación de Actividades,PFTDZGR06-299,008_Modificación de lugar de Actividad vacío,Alta,Pasado [v1],equipo qa,2025-11-28 04:16:00,equipo qa,,1,Pasado [v2],equipo qa,2025-11-29 05:07:34,equipo qa,,1
Gestión de Actividades - Modificación de Actividades,PFTDZGR06-301,009_Modificación de duración vacía,Alta,Pasado [v1],equipo qa,2025-11-28 04:16:15,equipo qa,,1,Pasado [v2],equipo qa,2025-11-29 05:07:46,equipo qa,,1
Gestión de Actividades - Modificación de Actividades,PFTDZGR06-302,010_Modificación de Requiere Inscripción (Sí/No),Alta,Pasado [v1],equipo qa,2025-11-28 04:16:40,equipo qa,,1,Pasado [v2],equipo qa,2025-11-29 05:08:03,equipo qa,,1
Gestión de Actividades - Baja de Actividad,PFTDZGR06-462,000_Baja de Actividad con datos válidos,Alta,Pasado [v1],equipo qa,2025-11-28 04:17:15,equipo qa,,1,Pasado [v2],equipo qa,2025-11-29 05:08:29,equipo qa,,1
Gestión de Actividades - Baja de Actividad,PFTDZGR06-463,001_Baja de Actividad sin confirmar,Alta,Pasado [v1],equipo qa,2025-11-28 04:17:43,equipo qa,,1,Pasado [v2],equipo qa,2025-11-29 05:14:55,equipo qa,,1
Gestión de Actividades - Baja de Actividad,PFTDZGR06-464,002_Baja de Actividad con inscripción abierta,Alta,Pasado [v1],equipo qa,2025-11-28 04:18:00,equipo qa,,1,Pasado [v2],equipo qa,2025-11-29 05:15:03,equipo qa,,1
Gestión de Actividades - Baja de Actividad,PFTDZGR06-465,003_Baja de Actividad ya finalizada,Alta,Pasado [v1],equipo qa,2025-11-28 04:18:21,equipo qa,,1,Pasado [v2],equipo qa,2025-11-29 05:15:19,equipo qa,,1
Gestión de Actividades - Baja de Actividad,PFTDZGR06-466,004_Reactivación de Actividad inactiva,Alta,Pasado [v1],equipo qa,2025-11-28 04:18:45,equipo qa,,1,Pasado [v2],equipo qa,2025-11-29 05:15:33,equipo qa,,1
Gestión de Actividades - Baja de Actividad,PFTDZGR06-467,005_Reactivación sin confirmar,Alta,Pasado [v1],equipo qa,2025-11-28 04:19:08,equipo qa,,1,Pasado [v2],equipo qa,2025-11-29 05:15:51,equipo qa,,1
Gestión de Actividades - Inscripción a Actividad,PFTDZGR06-468,001_Inscripción en actividad con datos válidos,Alta,Pasado [v1],equipo qa,2025-11-28 04:19:34,equipo qa,,1,Pasado [v2],equipo qa,2025-11-29 05:16:06,equipo qa,,1
Gestión de Actividades - Inscripción a Actividad,PFTDZGR06-469,002_Inscripción en actividad con datos inválidos,Alta,Pasado [v1],equipo qa,2025-11-28 04:21:31,equipo qa,,2,Pasado [v2],equipo qa,2025-11-29 05:16:18,equipo qa,,1
Gestión de Actividades - Cancelación de Inscripción,PFTDZGR06-470,003_Cancelar inscripción antes de confirmar,Alta,Pasado [v1],equipo qa,2025-11-28 04:22:37,equipo qa,,1,Pasado [v2],equipo qa,2025-11-29 05:17:12,equipo qa,,1
Gestión de Actividades - Cancelación de Inscripción,PFTDZGR06-471,001_Cancelación de inscripción con datos válidos,Alta,Pasado [v1],equipo qa,2025-11-28 04:21:46,equipo qa,,1,Pasado [v2],equipo qa,2025-11-29 05:16:39,equipo qa,,1
Gestión de Actividades - Cancelación de Inscripción,PFTDZGR06-472,002_Cancelación de inscripción sin confirmación,Alta,Pasado [v1],equipo qa,2025-11-28 04:22:03,equipo qa,,1,Pasado [v2],equipo qa,2025-11-29 05:16:54,equipo qa,,1
Gestión de Actividades - Reporte de Inscripciones,PFTDZGR06-473,001_Generar reporte por rango de fechas con datos,Alta,Pasado [v1],equipo qa,2025-11-28 04:23:38,equipo qa,,2,Pasado [v2],equipo qa,2025-11-29 05:17:27,equipo qa,,1
Gestión de Actividades - Reporte de Inscripciones,PFTDZGR06-474,002_Generar reporte con rango de fechas inválido,Alta,Pasado [v1],equipo qa,2025-11-28 04:23:57,equipo qa,,1,Pasado [v2],equipo qa,2025-11-29 05:17:40,equipo qa,,1
Gestión de Actividades - Reporte de Inscripciones,PFTDZGR06-475,003_Reporte sin resultados,Media,Pasado [v1],equipo qa,2025-11-28 04:24:20,equipo qa,,1,Pasado [v2],equipo qa,2025-11-29 05:17:52,equipo qa,,1
Gestión de Actividades - Reporte de Inscripciones,PFTDZGR06-476,004_Generar reporte por tipo de actividad con datos válidos,Media,Pasado [v1],equipo qa,2025-11-28 04:25:06,equipo qa,,2,Pasado [v2],equipo qa,2025-11-29 05:18:09,equipo qa,,1
Gestión de Actividades - Reporte de Inscripciones,PFTDZGR06-477,005_Rango de fechas inválido en reporte por tipo de actividad,Media,Pasado [v1],equipo qa,2025-11-28 04:25:16,equipo qa,,1,Pasado [v2],equipo qa,2025-11-29 05:18:24,equipo qa,,1
Gestión de Espacios -Registro de Espacio,PFTDZGR06-479,001_Registro de Espacio con datos válidos,Alta,Pasado [v1],equipo qa,2025-11-28 04:27:34,equipo qa,,2,Pasado [v2],equipo qa,2025-11-29 04:50:55,equipo qa,,1
Gestión de Espacios -Registro de Espacio,PFTDZGR06-480,002_Regustro de Espacio con nombre vacío,Alta,Pasado [v1],equipo qa,2025-11-28 04:28:08,equipo qa,,1,Pasado [v2],equipo qa,2025-11-29 04:51:14,equipo qa,,1
Gestión de Espacios -Registro de Espacio,PFTDZGR06-481,003_Registro de Espacio con capacidad inválida (texto o valor negativo),Alta,Pasado [v1],equipo qa,2025-11-28 04:29:01,equipo qa,,1,Pasado [v2],equipo qa,2025-11-29 04:51:28,equipo qa,,1
Gestión de Espacios -Registro de Espacio,PFTDZGR06-482,004_Registro de Espacio con precios inválidos (texto o negativos),Alta,Pasado [v1],equipo qa,2025-11-28 04:29:36,equipo qa,,1,Pasado [v2],equipo qa,2025-11-29 04:51:55,equipo qa,,1
Gestión de Espacios -Registro de Espacio,PFTDZGR06-483,005_Registro de Espacio con fecha de vigencia inválida o vacía,Alta,Pasado [v1],equipo qa,2025-11-28 04:29:47,equipo qa,,1,Pasado [v2],equipo qa,2025-11-29 04:52:38,equipo qa,,1
Gestión de Espacios -Registro de Espacio,PFTDZGR06-484,006_Registro de Espacio sin observaciones,Alta,Pasado [v1],equipo qa,2025-11-28 04:29:57,equipo qa,,1,Pasado [v2],equipo qa,2025-11-29 04:53:39,equipo qa,,1
Gestión de Espacios -Registro de Espacio,PFTDZGR06-485,007_Confirmación de creación de Espacio,Media,Pasado [v1],equipo qa,2025-11-28 04:30:15,equipo qa,,1,Pasado [v2],equipo qa,2025-11-29 04:53:59,equipo qa,,1
Gestión de Espacios - Listado de Espacios,PFTDZGR06-486,001_Visualización del Listado de Espacios,Alta,Pasado [v1],equipo qa,2025-11-28 04:30:31,equipo qa,,1,Pasado [v2],equipo qa,2025-11-29 04:54:11,equipo qa,,1
Gestión de Espacios - Listado de Espacios,PFTDZGR06-487,002_Filtrado de Espacios por Nombre,Alta,Pasado [v1],equipo qa,2025-11-28 04:31:17,equipo qa,,1,Pasado [v2],equipo qa,2025-11-29 04:54:20,equipo qa,,1
Gestión de Espacios - Listado de Espacios,PFTDZGR06-488,003_Filtrado de Espacios por Estado,Media,Pasado [v1],equipo qa,2025-11-28 04:31:33,equipo qa,,1,Pasado [v2],equipo qa,2025-11-29 04:54:29,equipo qa,,2
Gestión de Espacios - Modificación de Espacio,PFTDZGR06-490,001_Acceso a Modificación de Espacio,Alta,Pasado [v1],equipo qa,2025-11-28 04:32:18,equipo qa,,1,Pasado [v2],equipo qa,2025-11-29 04:54:42,equipo qa,,1
Gestión de Espacios - Modificación de Espacio,PFTDZGR06-491,002_Modificación de Datos de Espacio,Alta,Pasado [v1],equipo qa,2025-11-28 04:33:15,equipo qa,,2,Pasado [v2],equipo qa,2025-11-29 04:56:15,equipo qa,,2
Gestión de Espacios - Modificación de Espacio,PFTDZGR06-492,003_Cancelación de Modificación de Espacio,Media,Pasado [v1],equipo qa,2025-11-28 04:33:39,equipo qa,,1,Pasado [v2],equipo qa,2025-11-29 04:56:25,equipo qa,,1
Gestión de Espacios - Modificación de Espacio,PFTDZGR06-493,004_Validación de Campos Obligatorios,Media,Pasado [v1],equipo qa,2025-11-28 04:34:26,equipo qa,,3,Pasado [v2],equipo qa,2025-11-29 04:56:38,equipo qa,,1
Gestión de Espacios - Baja - Reactivación de Espacio,PFTDZGR06-494,001_Acceso a la opción de Baja de Espacio,Alta,Pasado [v1],equipo qa,2025-11-28 04:34:47,equipo qa,,1,Pasado [v2],equipo qa,2025-11-29 04:56:52,equipo qa,,1
Gestión de Espacios - Baja - Reactivación de Espacio,PFTDZGR06-495,002_Confirmación de Baja de Espacio,Alta,Pasado [v1],equipo qa,2025-11-28 04:35:05,equipo qa,,1,Pasado [v2],equipo qa,2025-11-29 04:57:31,equipo qa,,1
Gestión de Espacios - Baja - Reactivación de Espacio,PFTDZGR06-496,003_Restricción de Baja con Actividad Asociada,Alta,Pasado [v1],equipo qa,2025-11-28 04:35:25,equipo qa,,1,Pasado [v2],equipo qa,2025-11-29 04:58:09,equipo qa,,1
Gestión de Espacios - Baja - Reactivación de Espacio,PFTDZGR06-497,004_Reactivación de Espacio,Alta,Pasado [v1],equipo qa,2025-11-28 04:35:58,equipo qa,,1,Pasado [v2],equipo qa,2025-11-29 04:58:54,equipo qa,,1
Gestión de Espacios - Registro de Reserva,PFTDZGR06-498,001_Creación de Reserva de Espacio,Alta,Pasado [v1],equipo qa,2025-11-28 04:37:11,equipo qa,,2,Pasado [v2],equipo qa,2025-11-29 04:59:51,equipo qa,,2
Gestión de Espacios - Registro de Reserva,PFTDZGR06-499,002_Disponibilidad de Espacios,Alta,Pasado [v1],equipo qa,2025-11-28 04:37:53,equipo qa,,1,Pasado [v2],equipo qa,2025-11-29 05:03:18,equipo qa,,1
Gestión de Espacios - Registro de Reserva,PFTDZGR06-500,003_Cálculo Automático de Fecha de Vencimiento de Seña,Alta,Pasado [v1],equipo qa,2025-11-28 04:38:16,equipo qa,,1,Pasado [v2],equipo qa,2025-11-29 05:03:25,equipo qa,,1
Gestión de Espacios - Registro de Reserva,PFTDZGR06-501,004_Cálculo de Importe según Tipo de Usuario Socio,Alta,Pasado [v1],equipo qa,2025-11-28 04:38:29,equipo qa,,1,Pasado [v2],equipo qa,2025-11-29 05:03:33,equipo qa,,1
Gestión de Espacios - Registro de Reserva,PFTDZGR06-502,005_Cálculo de Importe según Tipo de Usuario No Socio,Alta,Pasado [v1],equipo qa,2025-11-28 04:38:38,equipo qa,,1,Pasado [v2],equipo qa,2025-11-29 05:03:40,equipo qa,,1
Gestión de Espacios - Registro de Reserva,PFTDZGR06-503,006_Modificación de Fecha de Vencimiento de Seña,Alta,Pasado [v1],equipo qa,2025-11-28 04:38:51,equipo qa,,1,Pasado [v2],equipo qa,2025-11-29 05:05:19,equipo qa,,1
Gestión de Espacios - Cancelación de Reserva,PFTDZGR06-504,001_Cancelación Automática de Reserva por Falta de Pago,Alta,Pasado [v1],equipo qa,2025-11-28 04:39:15,equipo qa,,1,Pasado [v2],equipo qa,2025-11-29 05:06:40,equipo qa,,1
Gestión de Espacios - Cancelación de Reserva,PFTDZGR06-506,002_Cancelación de Reserva de Espacio con Confirmación,Alta,Pasado [v1],equipo qa,2025-11-28 04:39:35,equipo qa,,1,Pasado [v2],equipo qa,2025-11-29 05:07:06,equipo qa,,1
Gestión de Espacios - Cancelación de Reserva,PFTDZGR06-507,003_Verificación de Liberación de Espacio tras Cancelación,Alta,Pasado [v1],equipo qa,2025-11-28 04:40:02,equipo qa,,1,Pasado [v2],equipo qa,2025-11-29 05:07:18,equipo qa,,1
Gestión de Espacios - Cancelación de Reserva,PFTDZGR06-508,004_Cancelación de Reserva sin Confirmación,Alta,Pasado [v1],equipo qa,2025-11-28 04:40:17,equipo qa,,1,Pasado [v2],equipo qa,2025-11-29 05:07:27,equipo qa,,1
Gestión de Espacios - Reportes de Reservas,PFTDZGR06-505,001_Visualización del Listado de Reservas,Alta,Pasado [v1],equipo qa,2025-11-28 04:40:31,equipo qa,,1,Pasado [v2],equipo qa,2025-11-29 05:09:06,equipo qa,,2
Gestión de Espacios - Reportes de Reservas,PFTDZGR06-509,002_Reporte de Reservas/Cancelaciones por Fechas,Alta,Pasado [v1],equipo qa,2025-11-28 04:43:57,equipo qa,,2,Pasado [v2],equipo qa,2025-11-29 05:09:17,equipo qa,,2
Gestión de Espacios - Reportes de Reservas,PFTDZGR06-510,003_Reporte de Reservas/Cancelaciones Por Calcelacion,Alta,Pasado [v1],equipo qa,2025-11-28 04:44:22,equipo qa,,1,Pasado [v2],equipo qa,2025-11-29 05:09:36,equipo qa,,2
Gestión de Espacios - Reportes de Reservas,PFTDZGR06-511,004_Reporte de Reservas/Cancelaciones por Tipo de accion Ambos,Alta,Pasado [v1],equipo qa,2025-11-28 04:44:29,equipo qa,,1,Pasado [v2],equipo qa,2025-11-29 05:09:48,equipo qa,,2
Gestión de Espacios - Reportes de Reservas,PFTDZGR06-512,005_Reporte de Reservas/Cancelaciones por Espacio,Alta,Pasado [v1],equipo qa,2025-11-28 04:44:44,equipo qa,,1,Pasado [v2],equipo qa,2025-11-29 05:09:56,equipo qa,,1
