Suite de Pruebas,ID Caso,Descripcion Caso,Prioridad,v1 Resultado,v1 Asignado a,v1 Fecha,v1 Testeado por,v1 Notas,v1 Duracion (min),v2 Resultado,v2 Asignado a,v2 Fecha,v2 Testeado por,v2 Notas,v2 Duracion (min),Ultima Build v2.0
Gestión de Usuarios - Registro de Usuario,PFTDZGR06-216,Registrar usuario administrador exitosamente,Alta,Pasado [v1],equipo qa,2025-11-05 00:27:27,equipo qa,,2,Pasado [v2],equipo qa,2025-11-12 00:07:59,equipo qa,,2,Pasado [v2]
Gestión de Usuarios - Registro de Usuario,PFTDZGR06-217,Registrar usuario socio exitosamente,Alta,Pasado [v1],equipo qa,2025-11-05 00:31:19,equipo qa,,2,Pasado [v2],equipo qa,2025-11-12 00:11:03,equipo qa,,2,Pasado [v2]
Gestión de Usuarios - Registro de Usuario,PFTDZGR06-218,Registrar usuario No Socio exitosamente,Alta,Pasado [v1],equipo qa,2025-11-05 00:33:49,equipo qa,,2,Pasado [v2],equipo qa,2025-11-12 00:14:24,equipo qa,,2,Pasado [v2]
Gestión de Usuarios - Registro de Usuario,PFTDZGR06-219,Registrar usuario con datos inválidos,Alta,Pasado [v1],equipo qa,2025-11-05 00:35:41,equipo qa,,4,Pasado [v2],equipo qa,2025-11-12 00:15:23,equipo qa,,2,Pasado [v2]
Gestión de Usuarios - Registro de Usuario,PFTDZGR06-220,Registrar usuario con campos obligatorios faltantes,Alta,Pasado [v1],equipo qa,2025-11-05 00:37:11,equipo qa,,4,Pasado [v2],equipo qa,2025-11-12 00:16:58,equipo qa,,2,Pasado [v2]
Gestión de Usuarios - Registro de Usuario,PFTDZGR06-221,Registro de Usuario Duplicado,Alta,Pasado [v1],equipo qa,2025-11-05 00:38:09,equipo qa,,2,Pasado [v2],equipo qa,2025-11-12 00:19:31,equipo qa,,2,Pasado [v2]
Gestión de Usuarios - Listado de Usuarios,PFTDZGR06-245,Acceso a listado de usuarios exitosamente,Alta,Pasado [v1],equipo qa,2025-11-05 00:39:48,equipo qa,,1,Pasado [v2],equipo qa,2025-11-12 00:20:23,equipo qa,,1,Pasado [v2]
Gestión de Usuarios - Listado de Usuarios,PFTDZGR06-246,Acceso a listado de usuarios por Usuario Admin,Alta,Pasado [v1],equipo qa,2025-11-05 00:40:38,equipo qa,,1,Pasado [v2],equipo qa,2025-11-12 00:21:23,equipo qa,,1,Pasado [v2]
Gestión de Usuarios - Listado de Usuarios,PFTDZGR06-247,Acceso a listado de usuarios por Usuario Socio/No Socio,Alta,Pasado [v1],equipo qa,2025-11-05 00:43:16,equipo qa,,2,Pasado [v2],equipo qa,2025-11-12 00:22:39,equipo qa,,1,Pasado [v2]
Gestión de Usuarios - Listado de Usuarios,PFTDZGR06-248,Filtrado del listado de usuarios,Alta,Pasado [v1],equipo qa,2025-11-05 00:46:08,equipo qa,,2,Pasado [v2],equipo qa,2025-11-12 00:31:41,equipo qa,,2,Pasado [v2]
Gestión de Usuarios - Listado de Usuarios,PFTDZGR06-249,Acceder a listado sin usuarios registrados,Alta,Pasado [v1],equipo qa,2025-11-05 00:46:54,equipo qa,,1,Pasado [v2],equipo qa,2025-11-12 00:32:52,equipo qa,,1,Pasado [v2]
Gestión de Usuarios - Listado de Usuarios,PFTDZGR06-250,Acceder a listado sin token de autorización,Alta,Pasado [v1],equipo qa,2025-11-05 00:47:31,equipo qa,,1,Pasado [v2],equipo qa,2025-11-12 00:34:00,equipo qa,,1,Pasado [v2]
Gestión de Usuarios - Modificación de Usuario,PFTDZGR06-251,Modificar datos de usuario por administrador exitosamente,Alta,Pasado [v1],equipo qa,2025-11-05 00:55:31,equipo qa,,5,Pasado [v2],equipo qa,2025-11-12 00:44:44,equipo qa,,3,Pasado [v2]
Gestión de Usuarios - Modificación de Usuario,PFTDZGR06-252,Modificar de No Socio a Socio,Alta,Pasado [v1],equipo qa,2025-11-05 00:56:47,equipo qa,,2,Pasado [v2],equipo qa,2025-11-12 00:45:36,equipo qa,,2,Pasado [v2]
Gestión de Usuarios - Modificación de Usuario,PFTDZGR06-253,Modificar de Socio a No Socio,Alta,Pasado [v1],equipo qa,2025-11-05 00:52:24,equipo qa,,5,Pasado [v2],equipo qa,2025-11-12 00:39:55,equipo qa,,2,Pasado [v2]
Gestión de Usuarios - Modificación de Usuario,PFTDZGR06-254,Modificación con datos obligatorios faltantes,Alta,Pasado [v1],equipo qa,2025-11-05 00:58:09,equipo qa,,2,Pasado [v2],equipo qa,2025-11-12 00:46:58,equipo qa,,2,Pasado [v2]
Gestión de Usuarios - Modificación de Usuario,PFTDZGR06-255,Modificación con datos inválidos,Alta,Pasado [v1],equipo qa,2025-11-05 00:59:42,equipo qa,,2,Pasado [v2],equipo qa,2025-11-12 00:48:58,equipo qa,,2,Pasado [v2]
Gestión de Usuarios - Modificación de Usuario,PFTDZGR06-256,Modificación por parte de un usuario no autorizado,Alta,Pasado [v1],equipo qa,2025-11-05 01:00:34,equipo qa,,1,Pasado [v2],equipo qa,2025-11-12 00:50:02,equipo qa,,1,Pasado [v2]
Gestión de Usuarios - Modificación de Usuario,PFTDZGR06-257,Modificación con datos duplicados,Alta,Pasado [v1],equipo qa,2025-11-05 01:04:48,equipo qa,,2,Pasado [v2],equipo qa,2025-11-12 00:51:20,equipo qa,,2,Pasado [v2]
Gestión de Usuarios - Modificación de Usuario,PFTDZGR06-272,Modificación de datos privados,Alta,Pasado [v1],equipo qa,2025-11-05 01:05:20,equipo qa,,1,Pasado [v2],equipo qa,2025-11-12 00:52:08,equipo qa,,1,Pasado [v2]
Gestión de Usuarios - Baja - Reactivación de Usuario,PFTDZGR06-258,Baja exitosa de usuario,Alta,Pasado [v1],equipo qa,2025-11-05 01:16:45,equipo qa,,1,Pasado [v2],equipo qa,2025-11-12 00:54:41,equipo qa,,1,Pasado [v2]
Gestión de Usuarios - Baja - Reactivación de Usuario,PFTDZGR06-259,Baja de usuario ya inactivo,Media,Pasado [v1],equipo qa,2025-11-05 01:17:35,equipo qa,,1,Pasado [v2],equipo qa,2025-11-12 00:57:41,equipo qa,,1,Pasado [v2]
Gestión de Usuarios - Baja - Reactivación de Usuario,PFTDZGR06-260,Baja con usuario no existente,Alta,Pasado [v1],equipo qa,2025-11-05 01:18:50,equipo qa,,1,Pasado [v2],equipo qa,2025-11-12 00:58:29,equipo qa,,1,Pasado [v2]
Gestión de Usuarios - Baja - Reactivación de Usuario,PFTDZGR06-261,Baja por usuario no autorizado,Alta,Pasado [v1],equipo qa,2025-11-05 01:19:54,equipo qa,,1,Pasado [v2],equipo qa,2025-11-12 00:59:16,equipo qa,,1,Pasado [v2]
Gestión de Usuarios - Baja - Reactivación de Usuario,PFTDZGR06-262,Reactivación exitosa de usuario,Alta,Pasado [v1],equipo qa,2025-11-05 01:22:17,equipo qa,,1,Pasado [v2],equipo qa,2025-11-12 01:08:25,equipo qa,,1,Pasado [v2]
Gestión de Usuarios - Baja - Reactivación de Usuario,PFTDZGR06-263,Reactivación de usuario ya activo,Media,Pasado [v1],equipo qa,2025-11-05 01:23:10,equipo qa,,1,Pasado [v2],equipo qa,2025-11-12 01:12:45,equipo qa,,1,Pasado [v2]
Gestión de Usuarios - Baja - Reactivación de Usuario,PFTDZGR06-264,Reactivación de usuario inexistente,Alta,Pasado [v1],equipo qa,2025-11-05 01:23:52,equipo qa,,1,Pasado [v2],equipo qa,2025-11-12 01:14:19,equipo qa,,1,Pasado [v2]
Gestión de Usuarios - Baja - Reactivación de Usuario,PFTDZGR06-265,Reactivación por usuario no autorizado,Alta,Pasado [v1],equipo qa,2025-11-05 01:25:11,equipo qa,,1,Pasado [v2],equipo qa,2025-11-12 01:15:07,equipo qa,,1,Pasado [v2]
Gestión de Usuarios - Login de Usuario,PFTDZGR06-266,Inicio de sesión exitoso,Alta,Pasado [v1],equipo qa,2025-11-05 01:30:35,equipo qa,,1,Pasado [v2],equipo qa,2025-11-12 01:17:33,equipo qa,,1,Pasado [v2]
Gestión de Usuarios - Login de Usuario,PFTDZGR06-267,Login con credenciales inválidas,Alta,Pasado [v1],equipo qa,2025-11-05 01:32:06,equipo qa,,1,Pasado [v2],equipo qa,2025-11-12 01:19:38,equipo qa,,1,Pasado [v2]
Gestión de Usuarios - Login de Usuario,PFTDZGR06-268,Login de usuario inactivo,Alta,Pasado [v1],equipo qa,2025-11-05 01:33:26,equipo qa,,1,Pasado [v2],equipo qa,2025-11-12 01:20:27,equipo qa,,1,Pasado [v2]
Gestión de Usuarios - Login de Usuario,PFTDZGR06-270,Login con campos obligatorios faltantes,Alta,Pasado [v1],equipo qa,2025-11-05 01:34:10,equipo qa,,1,Pasado [v2],equipo qa,2025-11-12 01:21:01,equipo qa,,1,Pasado [v2]
Gestión de Usuarios - Login de Usuario,PFTDZGR06-271,Ataque de fuerza bruta o múltiples intentos fallidos,Alta,Fallado [v1],equipo qa,2025-11-05 01:36:09,equipo qa,,2,Pasado [v2],equipo qa,2025-11-12 01:22:17,equipo qa,,5,Pasado [v2]
Gestión de Usuarios - Login de Usuario,PFTDZGR06-461,Login de usuario Sin Validar,Alta,Pasado [v1],equipo qa,2025-11-05 01:29:56,equipo qa,,2,Pasado [v2],equipo qa,2025-11-12 01:16:52,equipo qa,,2,Pasado [v2]
Gestión de Usuarios - Modificación de datos propios del Usuario,PFTDZGR06-273,Modificación de datos personales exitosa,Alta,Pasado [v1],equipo qa,2025-11-05 01:38:30,equipo qa,,3,Pasado [v2],equipo qa,2025-11-12 01:23:34,equipo qa,,2,Pasado [v2]
Gestión de Usuarios - Modificación de datos propios del Usuario,PFTDZGR06-274,Modificación con datos inválidos,Alta,Pasado [v1],equipo qa,2025-11-05 01:40:52,equipo qa,,5,Pasado [v2],equipo qa,2025-11-12 01:26:40,equipo qa,,2,Pasado [v2]
Gestión de Usuarios - Modificación de datos propios del Usuario,PFTDZGR06-275,Modificación con campos obligatorios faltantes,Alta,Pasado [v1],equipo qa,2025-11-05 01:41:42,equipo qa,,2,Pasado [v2],equipo qa,2025-11-12 01:27:32,equipo qa,,2,Pasado [v2]
Gestión de Usuarios - Modificación de datos propios del Usuario,PFTDZGR06-276,Modificación con datos duplicados,Alta,Pasado [v1],equipo qa,2025-11-05 01:45:21,equipo qa,,2,Pasado [v2],equipo qa,2025-11-12 01:28:50,equipo qa,,2,Pasado [v2]
Gestión de Usuarios - Modificación de datos propios del Usuario,PFTDZGR06-277,Modificación sin token o con token inválido,Alta,Pasado [v1],equipo qa,2025-11-05 01:47:02,equipo qa,,1,Pasado [v2],equipo qa,2025-11-12 01:29:55,equipo qa,,1,Pasado [v2]
Gestión de Auditoría - Reportes de Auditorías,PFTDZGR06-278,Consulta de auditoría exitosa,Alta,Pasado [v1],equipo qa,2025-11-08 03:09:37,equipo qa,,2,Pasado [v2],equipo qa,2025-11-21 00:08:28,equipo qa,,2,Pasado [v2]
Gestión de Auditoría - Reportes de Auditorías,PFTDZGR06-279,Consulta sin filtros,Alta,Pasado [v1],equipo qa,2025-11-08 03:09:58,equipo qa,,,Pasado [v2],equipo qa,2025-11-21 00:08:36,equipo qa,,2,Pasado [v2]
Gestión de Auditoría - Reportes de Auditorías,PFTDZGR06-280,Consulta con filtros inválidos,Alta,Pasado [v1],equipo qa,2025-11-08 03:10:08,equipo qa,,2,Pasado [v2],equipo qa,2025-11-21 00:08:44,equipo qa,,1,Pasado [v2]
Gestión de Auditoría - Reportes de Auditorías,PFTDZGR06-281,Acceso sin token o token inválido,Alta,Pasado [v1],equipo qa,2025-11-08 03:10:22,equipo qa,,2,Pasado [v2],equipo qa,2025-11-21 00:08:54,equipo qa,,2,Pasado [v2]
Gestión de Auditoría - Reportes de Auditorías,PFTDZGR06-282,Acceso a auditoría de usuario no autorizado,Alta,Pasado [v1],equipo qa,2025-11-08 03:10:35,equipo qa,,2,Pasado [v2],equipo qa,2025-11-21 00:09:01,equipo qa,,1,Pasado [v2]
Gestión de Auditoría - Reportes de Auditorías,PFTDZGR06-283,Listado sin registros encontrados,Media,Pasado [v1],equipo qa,2025-11-08 03:10:49,equipo qa,,2,Pasado [v2],equipo qa,2025-11-21 00:09:12,equipo qa,,1,Pasado [v2]
Gestión de Perfiles - Registro de Perfil,PFTDZGR06-303,Registrar Perfil exitosamente,Alta,Pasado [v1],equipo qa,2025-11-08 01:11:50,equipo qa,,2,Pasado [v2],equipo qa,2025-11-20 23:59:27,equipo qa,,2,Pasado [v2]
Gestión de Perfiles - Registro de Perfil,PFTDZGR06-304,Registrar perfil con datos inválidos,Alta,Fallado [v1],equipo qa,2025-11-08 01:14:34,equipo qa,,2,Pasado [v2],equipo qa,2025-11-21 00:00:05,equipo qa,,2,Pasado [v2]
Gestión de Perfiles - Registro de Perfil,PFTDZGR06-305,Registrar perfil con datos obligatorios faltantes,Alta,Fallado [v1],equipo qa,2025-11-08 01:28:15,equipo qa,,2,Pasado [v2],equipo qa,2025-11-21 00:00:29,equipo qa,,1,Pasado [v2]
Gestión de Perfiles - Registro de Perfil,PFTDZGR06-306,Registrar perfil con datos duplicados,Alta,Pasado [v1],equipo qa,2025-11-08 01:36:42,equipo qa,,2,Pasado [v2],equipo qa,2025-11-21 00:00:48,equipo qa,,1,Pasado [v2]
Gestión de Perfiles - Registro de Perfil,PFTDZGR06-307,Registrar perfil por parte de usuario no autorizado,Alta,Pasado [v1],equipo qa,2025-11-08 01:38:43,equipo qa,,,Pasado [v2],equipo qa,2025-11-21 00:01:17,equipo qa,,1,Pasado [v2]
Gestión de Perfiles - Listado de Perfiles,PFTDZGR06-308,Acceso a listado de perfiles exitosamente,Alta,Pasado [v1],equipo qa,2025-11-08 01:58:06,equipo qa,,2,Pasado [v2],equipo qa,2025-11-21 00:04:04,equipo qa,,2,Pasado [v2]
Gestión de Perfiles - Listado de Perfiles,PFTDZGR06-309,Acceso a listado de perfiles por Usuario Admin,Alta,Pasado [v1],equipo qa,2025-11-08 01:57:28,equipo qa,,2,Pasado [v2],equipo qa,2025-11-21 00:03:54,equipo qa,,2,Pasado [v2]
Gestión de Perfiles - Listado de Perfiles,PFTDZGR06-310,Acceso a listado de perfiles por Usuario Socio/No Socio,Alta,Pasado [v1],equipo qa,2025-11-08 01:54:42,equipo qa,,2,Pasado [v2],equipo qa,2025-11-21 00:03:46,equipo qa,,1,Pasado [v2]
Gestión de Perfiles - Listado de Perfiles,PFTDZGR06-311,Filtrado del listado de perfiles,Alta,Pasado [v1],equipo qa,2025-11-08 01:52:43,equipo qa,,2,Pasado [v2],equipo qa,2025-11-21 00:03:31,equipo qa,,1,Pasado [v2]
Gestión de Perfiles - Listado de Perfiles,PFTDZGR06-312,Acceder a listado sin perfiles registrados,Alta,Pasado [v1],equipo qa,2025-11-08 01:41:32,equipo qa,,2,Pasado [v2],equipo qa,2025-11-21 00:03:11,equipo qa,,1,Pasado [v2]
Gestión de Perfiles - Listado de Perfiles,PFTDZGR06-313,Acceder a listado sin token de autorización,Alta,Pasado [v1],equipo qa,2025-11-08 01:40:48,equipo qa,,2,Pasado [v2],equipo qa,2025-11-21 00:01:29,equipo qa,,1,Pasado [v2]
Gestión de Perfiles - Modificación de perfil,PFTDZGR06-314,Modificar perfil exitosamente,Alta,Pasado [v1],equipo qa,2025-11-08 02:59:16,equipo qa,,2,Pasado [v2],equipo qa,2025-11-21 00:05:16,equipo qa,,2,Pasado [v2]
Gestión de Perfiles - Modificación de perfil,PFTDZGR06-315,Modificar perfil con datos obligatorios faltantes,Alta,Pasado [v1],equipo qa,2025-11-08 02:59:06,equipo qa,,2,Pasado [v2],equipo qa,2025-11-21 00:05:05,equipo qa,,2,Pasado [v2]
Gestión de Perfiles - Modificación de perfil,PFTDZGR06-316,Modificar perfil con datos inválidos,Alta,Pasado [v1],equipo qa,2025-11-08 02:08:11,equipo qa,,2,Pasado [v2],equipo qa,2025-11-21 00:04:55,equipo qa,,1,Pasado [v2]
Gestión de Perfiles - Modificación de perfil,PFTDZGR06-318,Modificar perfil por parte de un usuario no autorizado,Alta,Pasado [v1],equipo qa,2025-11-08 02:00:20,equipo qa,,2,Pasado [v2],equipo qa,2025-11-21 00:04:34,equipo qa,,2,Pasado [v2]
Gestión de Perfiles - Modificación de perfil,PFTDZGR06-319,Modificar perfil no existente,Alta,Pasado [v1],equipo qa,2025-11-08 02:59:30,equipo qa,,2,Pasado [v2],equipo qa,2025-11-21 00:05:31,equipo qa,,1,Pasado [v2]
Gestión de Perfiles - Baja - Reactivación de Perfil,PFTDZGR06-320,Baja exitosa de perfil,Alta,Pasado [v1],equipo qa,2025-11-08 03:03:52,equipo qa,,2,Pasado [v2],equipo qa,2025-11-21 00:07:49,equipo qa,,1,Pasado [v2]
Gestión de Perfiles - Baja - Reactivación de Perfil,PFTDZGR06-321,Baja de perfil ya inactivo,Media,Pasado [v1],equipo qa,2025-11-08 03:02:50,equipo qa,,2,Pasado [v2],equipo qa,2025-11-21 00:07:34,equipo qa,,1,Pasado [v2]
Gestión de Perfiles - Baja - Reactivación de Perfil,PFTDZGR06-322,Baja con perfil no existente,Alta,Pasado [v1],equipo qa,2025-11-08 03:01:47,equipo qa,,2,Pasado [v2],equipo qa,2025-11-21 00:07:24,equipo qa,,2,Pasado [v2]
Gestión de Perfiles - Baja - Reactivación de Perfil,PFTDZGR06-323,Baja de perfil por usuario no autorizado,Alta,Pasado [v1],equipo qa,2025-11-08 03:01:33,equipo qa,,2,Pasado [v2],equipo qa,2025-11-21 00:07:08,equipo qa,,2,Pasado [v2]
Gestión de Perfiles - Baja - Reactivación de Perfil,PFTDZGR06-324,Reactivación exitosa de perfil,Alta,Pasado [v1],equipo qa,2025-11-08 03:01:22,equipo qa,,,Pasado [v2],equipo qa,2025-11-21 00:06:56,equipo qa,,2,Pasado [v2]
Gestión de Perfiles - Baja - Reactivación de Perfil,PFTDZGR06-325,Reactivación de perfil ya activo,Media,Pasado [v1],equipo qa,2025-11-08 03:01:11,equipo qa,,2,Pasado [v2],equipo qa,2025-11-21 00:06:45,equipo qa,,1,Pasado [v2]
Gestión de Perfiles - Baja - Reactivación de Perfil,PFTDZGR06-326,Reactivación de perfil no existente,Alta,Pasado [v1],equipo qa,2025-11-08 03:00:50,equipo qa,,2,Pasado [v2],equipo qa,2025-11-21 00:06:28,equipo qa,,2,Pasado [v2]
Gestión de Perfiles - Baja - Reactivación de Perfil,PFTDZGR06-327,Reactivación de perfil por usuario no autorizado,Alta,Pasado [v1],equipo qa,2025-11-08 02:59:53,equipo qa,,2,Pasado [v2],equipo qa,2025-11-21 00:05:49,equipo qa,,2,Pasado [v2]
Gestión de Perfiles - Baja - Reactivación de Perfil,PFTDZGR06-328,Validar restricción de uso de perfiles dados de baja,Alta,Pasado [v1],equipo qa,2025-11-08 03:04:48,equipo qa,,2,Pasado [v2],equipo qa,2025-11-21 00:07:59,equipo qa,,2,Pasado [v2]
Gestión de Actividades - Registro de Actividad,PFTDZGR06-329,Registrar actividad exitosamente,Alta,Pasado [v1],equipo qa,2025-11-02 01:13:06,equipo qa,,1,Pasado [v2],equipo qa,2025-11-12 23:24:42,equipo qa,,2,Pasado [v2]
Gestión de Actividades - Registro de Actividad,PFTDZGR06-330,Registrar actividad con datos inválidos,Alta,Pasado [v1],equipo qa,2025-11-02 01:20:55,equipo qa,"El caso pasa, sin embargo casos como formato de fecha incorrecta, por ejemplo: 12-10 el sistema devuelve un 500 error",5,Pasado [v2],equipo qa,2025-11-12 23:22:59,equipo qa,,3,Pasado [v2]
Gestión de Actividades - Registro de Actividad,PFTDZGR06-331,Registrar actividad con campos obligatorios faltantes,Alta,Pasado [v1],equipo qa,2025-11-02 01:23:27,equipo qa,,2,Pasado [v2],equipo qa,2025-11-12 23:20:29,equipo qa,,2,Pasado [v2]
Gestión de Actividades - Registro de Actividad,PFTDZGR06-332,Registrar actividad con datos duplicado,Alta,Pasado [v1],equipo qa,2025-11-02 01:21:54,equipo qa,,2,Pasado [v2],equipo qa,2025-11-12 23:19:33,equipo qa,,2,Pasado [v2]
Gestión de Actividades - Registro de Actividad,PFTDZGR06-333,Registrar actividad por parte de usuario no autorizado,Alta,Pasado [v1],equipo qa,2025-11-02 01:35:49,equipo qa,,2,Pasado [v2],equipo qa,2025-11-12 23:18:29,equipo qa,,2,Pasado [v2]
Gestión de Actividades - Registro de Actividad,PFTDZGR06-370,Registrar actividad con solapamiento de horarios,Alta,Pasado [v1],equipo qa,2025-11-02 01:29:08,equipo qa,,5,Pasado [v2],equipo qa,2025-11-12 23:25:49,equipo qa,,1,Pasado [v2]
Gestión de Actividades - Registro de Actividad,PFTDZGR06-371,Registrar actividades consecutivas sin solapamiento,Alta,Fallado [v1],equipo qa,2025-11-02 01:33:28,equipo qa,,5,Pasado [v2],equipo qa,2025-11-12 23:29:20,equipo qa,,2,Pasado [v2]
Gestión de Actividades - Listado de Actividades,PFTDZGR06-334,Acceder a listado de actividad sin token de autorización,Alta,Pasado [v1],equipo qa,2025-11-02 01:46:53,equipo qa,,2,Pasado [v2],equipo qa,2025-11-12 23:39:19,equipo qa,,1,Pasado [v2]
Gestión de Actividades - Listado de Actividades,PFTDZGR06-335,Acceder a listado sin actividades registradas,Alta,Pasado [v1],equipo qa,2025-11-02 01:40:20,equipo qa,,2,Pasado [v2],equipo qa,2025-11-12 23:38:23,equipo qa,,1,Pasado [v2]
Gestión de Actividades - Listado de Actividades,PFTDZGR06-336,Filtrado del listado de actividades,Alta,Pasado [v1],equipo qa,2025-11-07 01:18:56,equipo qa,,2,Pasado [v2],equipo qa,2025-11-12 23:37:21,equipo qa,,2,Pasado [v2]
Gestión de Actividades - Listado de Actividades,PFTDZGR06-337,Acceso a listado de actividades por Usuario Socio/No Socio,Alta,Pasado [v1],equipo qa,2025-11-02 01:37:23,equipo qa,,2,Pasado [v2],equipo qa,2025-11-12 23:34:15,equipo qa,,1,Pasado [v2]
Gestión de Actividades - Listado de Actividades,PFTDZGR06-338,Acceso a listado de actividades por Usuario Admin,Alta,Pasado [v1],equipo qa,2025-11-07 01:17:39,equipo qa,,1,Pasado [v2],equipo qa,2025-11-12 23:32:11,equipo qa,,1,Pasado [v2]
Gestión de Actividades - Listado de Actividades,PFTDZGR06-339,Acceso a listado de actividades exitosamente,Alta,Pasado [v1],equipo qa,2025-11-07 01:17:14,equipo qa,,1,Pasado [v2],equipo qa,2025-11-12 23:31:04,equipo qa,,2,Pasado [v2]
Gestión de Actividades - Modificación de Actividades,PFTDZGR06-340,Modificar actividad por parte de un usuario no autorizado,Alta,Pasado [v1],equipo qa,2025-11-02 01:59:15,equipo qa,,5,Pasado [v2],equipo qa,2025-11-12 23:50:48,equipo qa,,1,Pasado [v2]
Gestión de Actividades - Modificación de Actividades,PFTDZGR06-342,Modificar actividad con datos inválidos,Alta,Fallado [v1],equipo qa,2025-11-02 01:56:33,equipo qa,,5,Pasado [v2],equipo qa,2025-11-12 23:49:39,equipo qa,,2,Pasado [v2]
Gestión de Actividades - Modificación de Actividades,PFTDZGR06-343,Modificar actividad con datos obligatorios faltantes,Alta,Pasado [v1],equipo qa,2025-11-02 01:54:38,equipo qa,,3,Pasado [v2],equipo qa,2025-11-12 23:46:46,equipo qa,,1,Pasado [v2]
Gestión de Actividades - Modificación de Actividades,PFTDZGR06-344,Modificar actividad exitosamente,Alta,Pasado [v1],equipo qa,2025-11-02 01:52:53,equipo qa,,5,Pasado [v2],equipo qa,2025-11-12 23:45:44,equipo qa,,2,Pasado [v2]
Gestión de Actividades - Modificación de Actividades,PFTDZGR06-345,Modificar actividad no existente,Alta,Pasado [v1],equipo qa,2025-11-02 01:48:11,equipo qa,,2,Pasado [v2],equipo qa,2025-11-12 23:42:28,equipo qa,,1,Pasado [v2]
Gestión de Actividades - Modificación de Actividades,PFTDZGR06-372,Modificación de horario de una actividad que genera solapamiento,Alta,Pasado [v1],equipo qa,2025-11-02 02:00:06,equipo qa,,2,Pasado [v2],equipo qa,2025-11-12 23:53:35,equipo qa,,2,Pasado [v2]
Gestión de Actividades - Baja - Reactivación de Actividad,PFTDZGR06-346,Reactivar actividad por usuario no autorizado,Alta,Pasado [v1],equipo qa,2025-11-02 02:12:00,equipo qa,,1,Pasado [v2],equipo qa,2025-11-13 00:08:06,equipo qa,,1,Pasado [v2]
Gestión de Actividades - Baja - Reactivación de Actividad,PFTDZGR06-347,Reactivar actividad no existente,Alta,Pasado [v1],equipo qa,2025-11-02 02:11:08,equipo qa,,1,Pasado [v2],equipo qa,2025-11-13 00:07:18,equipo qa,,1,Pasado [v2]
Gestión de Actividades - Baja - Reactivación de Actividad,PFTDZGR06-348,Reactivar actividad ya activo,Media,Pasado [v1],equipo qa,2025-11-02 02:10:10,equipo qa,,2,Pasado [v2],equipo qa,2025-11-13 00:03:18,equipo qa,,1,Pasado [v2]
Gestión de Actividades - Baja - Reactivación de Actividad,PFTDZGR06-349,Reactivar actividad exitosamente,Alta,Pasado [v1],equipo qa,2025-11-02 02:10:28,equipo qa,,1,Pasado [v2],equipo qa,2025-11-13 00:06:07,equipo qa,,1,Pasado [v2]
Gestión de Actividades - Baja - Reactivación de Actividad,PFTDZGR06-350,Baja de actividad por usuario no autorizado,Alta,Pasado [v1],equipo qa,2025-11-02 02:05:04,equipo qa,,2,Pasado [v2],equipo qa,2025-11-13 00:00:43,equipo qa,,1,Pasado [v2]
Gestión de Actividades - Baja - Reactivación de Actividad,PFTDZGR06-351,Baja con actividad no existente,Alta,Pasado [v1],equipo qa,2025-11-02 02:04:25,equipo qa,,1,Pasado [v2],equipo qa,2025-11-13 00:00:00,equipo qa,,1,Pasado [v2]
Gestión de Actividades - Baja - Reactivación de Actividad,PFTDZGR06-352,Baja de actividad ya inactivo,Media,Fallado [v1],equipo qa,2025-11-02 02:03:43,equipo qa,,2,Pasado [v2],equipo qa,2025-11-12 23:58:58,equipo qa,,1,Pasado [v2]
Gestión de Actividades - Baja - Reactivación de Actividad,PFTDZGR06-353,Baja exitosa de actividad,Alta,Pasado [v1],equipo qa,2025-11-02 02:01:51,equipo qa,,2,Pasado [v2],equipo qa,2025-11-12 23:58:13,equipo qa,,1,Pasado [v2]
Gestión de Actividades - Baja - Reactivación de Actividad,PFTDZGR06-354,Validar restricción de uso de actividades dados de baja,Alta,Pasado [v1],equipo qa,2025-11-02 02:17:59,equipo qa,"El caso se considera pasado, ya que la funcionalidad se cumple según lo esperado. Sin embargo, se recomienda verificar que el código de respuesta coincida con lo especificado en el caso de prueba.",2,Pasado [v2],equipo qa,2025-11-12 23:54:48,equipo qa,,1,Pasado [v2]
Gestión de Actividades - Baja - Reactivación de Actividad,PFTDZGR06-418,Baja de actividad con periodo de inscripción actual,Alta,Pasado [v1],equipo qa,2025-11-02 02:13:15,equipo qa,,1,Pasado [v2],equipo qa,2025-11-13 00:09:09,equipo qa,,1,Pasado [v2]
Gestión de Actividades - Inscripción a Actividad,PFTDZGR06-355,Registrar inscripción exitosamente,Alta,Pasado [v1],equipo qa,2025-11-02 02:28:18,equipo qa,,1,Pasado [v2],equipo qa,2025-11-13 00:23:15,equipo qa,,1,Pasado [v2]
Gestión de Actividades - Inscripción a Actividad,PFTDZGR06-356,Registrar inscripción duplicada,Alta,Pasado [v1],equipo qa,2025-11-02 02:22:21,equipo qa,"El caso se considera pasado, ya que la funcionalidad se cumple según lo esperado. Sin embargo, se recomienda verificar que el código de respuesta coincida con lo especificado en el caso de prueba.",1,Pasado [v2],equipo qa,2025-11-13 00:16:55,equipo qa,,1,Pasado [v2]
Gestión de Actividades - Inscripción a Actividad,PFTDZGR06-357,Inscripción a actividad inactiva o dada de baja,Alta,Pasado [v1],equipo qa,2025-11-02 02:23:55,equipo qa,"El caso se considera pasado, ya que la funcionalidad se cumple según lo esperado. Sin embargo, se recomienda verificar que el código de respuesta coincida con lo especificado en el caso de prueba.",1,Pasado [v2],equipo qa,2025-11-13 00:17:46,equipo qa,,1,Pasado [v2]
Gestión de Actividades - Inscripción a Actividad,PFTDZGR06-358,Inscripción a actividad pasada,Alta,Fallado [v1],equipo qa,2025-11-02 02:24:51,equipo qa,,1,Pasado [v2],equipo qa,2025-11-13 00:19:00,equipo qa,,1,Pasado [v2]
Gestión de Actividades - Inscripción a Actividad,PFTDZGR06-359,Inscripción a actividad fuera del periodo habilitado (aún no iniciado),Alta,Fallado [v1],equipo qa,2025-11-02 02:26:11,equipo qa,,1,Pasado [v2],equipo qa,2025-11-13 00:19:53,equipo qa,,,Fallado [v2]
Gestión de Actividades - Inscripción a Actividad,PFTDZGR06-360,Inscripción a actividad cancelada,Alta,Fallado [v1],equipo qa,2025-11-02 02:27:46,equipo qa,,1,Pasado [v2],equipo qa,2025-11-13 00:22:22,equipo qa,,1,Pasado [v2]
Gestión de Actividades - Inscripción a Actividad,PFTDZGR06-460,Inscripción a actividad no existente,Alta,Pasado [v1],equipo qa,2025-11-02 02:20:04,equipo qa,,2,Pasado [v2],equipo qa,2025-11-13 00:15:57,equipo qa,,1,Pasado [v2]
Gestión de Actividades - Cancelación de Inscripción,PFTDZGR06-361,Cancelación de inscripción exitosa,Alta,Pasado [v1],equipo qa,2025-11-02 02:29:39,equipo qa,,1,Pasado [v2],equipo qa,2025-11-13 00:24:18,equipo qa,,1,Pasado [v2]
Gestión de Actividades - Cancelación de Inscripción,PFTDZGR06-362,Cancelación de inscripción inexistente,Alta,Pasado [v1],equipo qa,2025-11-02 02:30:25,equipo qa,,1,Pasado [v2],equipo qa,2025-11-13 00:25:30,equipo qa,,1,Pasado [v2]
Gestión de Actividades - Cancelación de Inscripción,PFTDZGR06-363,Cancelación de inscripción ya cancelada,Alta,Pasado [v1],equipo qa,2025-11-02 02:31:40,equipo qa,,1,Pasado [v2],equipo qa,2025-11-13 00:26:27,equipo qa,,1,Pasado [v2]
Gestión de Actividades - Reporte de Inscripciones,PFTDZGR06-364,Generar reporte de inscripciones por fechas exitosamente,Alta,Pasado [v1],equipo qa,2025-11-02 02:35:34,equipo qa,,1,Pasado [v2],equipo qa,2025-11-13 00:35:15,equipo qa,,1,Pasado [v2]
Gestión de Actividades - Reporte de Inscripciones,PFTDZGR06-365,Generar reporte de inscripciones por tipo de actividad exitosamente,Alta,Pasado [v1],equipo qa,2025-11-02 02:36:18,equipo qa,,1,Pasado [v2],equipo qa,2025-11-13 00:35:44,equipo qa,,1,Pasado [v2]
Gestión de Actividades - Reporte de Inscripciones,PFTDZGR06-367,Generar reporte con filtros inválidos o formato incorrecto,Alta,Pasado [v1],equipo qa,2025-11-02 02:39:04,equipo qa,"El caso se considera pasado, ya que la funcionalidad se cumple según lo esperado. Sin embargo, se recomienda verificar que el código de respuesta coincida con lo especificado en el caso de prueba.",1,Pasado [v2],equipo qa,2025-11-13 00:37:25,equipo qa,,2,Pasado [v2]
Gestión de Actividades - Reporte de Inscripciones,PFTDZGR06-368,Generar reporte por usuario no autorizado,Alta,Pasado [v1],equipo qa,2025-11-02 02:40:30,equipo qa,,1,Pasado [v2],equipo qa,2025-11-13 00:37:57,equipo qa,,1,Pasado [v2]
Gestión de Actividades - Reporte de Inscripciones,PFTDZGR06-369,Generar reporte con token inválido o ausente,Alta,Pasado [v1],equipo qa,2025-11-02 02:40:57,equipo qa,,1,Pasado [v2],equipo qa,2025-11-13 00:38:34,equipo qa,,1,Pasado [v2]
Gestión de Espacios - Registro de Espacio,PFTDZGR06-373,Registrar espacio por parte de usuario no autorizado,Alta,Pasado [v1],equipo qa,2025-11-04 00:05:53,equipo qa,,1,Pasado [v2],equipo qa,2025-11-13 23:50:22,equipo qa,,2,Pasado [v2]
Gestión de Espacios - Registro de Espacio,PFTDZGR06-374,Registrar espacio con datos duplicado,Alta,Pasado [v1],equipo qa,2025-11-04 00:08:17,equipo qa,"El caso se considera pasado porque responde como se espera. Sin embargo, devuelve un código de respuesta diferente al esperado, que debe ser modificado.",2,Pasado [v2],equipo qa,2025-11-13 23:53:43,equipo qa,,2,Pasado [v2]
Gestión de Espacios - Registro de Espacio,PFTDZGR06-375,Registrar espacio con campos obligatorios faltantes,Alta,Pasado [v1],equipo qa,2025-11-04 00:10:48,equipo qa,,4,Pasado [v2],equipo qa,2025-11-14 00:04:40,equipo qa,,2,Pasado [v2]
Gestión de Espacios - Registro de Espacio,PFTDZGR06-376,Registrar espacio con datos inválidos,Alta,Fallado [v1],equipo qa,2025-11-04 00:12:15,equipo qa,,,Pasado [v2],equipo qa,2025-11-14 00:04:56,equipo qa,,2,Pasado [v2]
Gestión de Espacios - Registro de Espacio,PFTDZGR06-377,Registrar espacio exitosamente,Alta,Pasado [v1],equipo qa,2025-11-04 00:13:01,equipo qa,,2,Pasado [v2],equipo qa,2025-11-14 00:05:41,equipo qa,,1,Pasado [v2]
Gestión de Espacios - Modificación de Espacio,PFTDZGR06-380,Modificar espacio no existente,Alta,Pasado [v1],equipo qa,2025-11-04 00:22:18,equipo qa,,1,Pasado [v2],equipo qa,2025-11-14 00:24:51,equipo qa,,1,Pasado [v2]
Gestión de Espacios - Modificación de Espacio,PFTDZGR06-381,Modificar espacio exitosamente,Alta,Pasado [v1],equipo qa,2025-11-04 00:25:24,equipo qa,,2,Pasado [v2],equipo qa,2025-11-14 00:25:42,equipo qa,,2,Pasado [v2]
Gestión de Espacios - Modificación de Espacio,PFTDZGR06-382,Modificar espacio con datos obligatorios faltantes,Alta,Pasado [v1],equipo qa,2025-11-04 00:26:51,equipo qa,,2,Pasado [v2],equipo qa,2025-11-14 00:26:44,equipo qa,,2,Pasado [v2]
Gestión de Espacios - Modificación de Espacio,PFTDZGR06-383,Modificar espacio con datos inválidos,Alta,Fallado [v1],equipo qa,2025-11-04 00:28:29,equipo qa,,2,Pasado [v2],equipo qa,2025-11-14 00:30:19,equipo qa,,2,Pasado [v2]
Gestión de Espacios - Modificación de Espacio,PFTDZGR06-384,Modificar espacio con datos duplicados,Alta,Pasado [v1],equipo qa,2025-11-04 00:30:45,equipo qa,"El caso responde con una respuesta funcional aceptada, por lo cual se toma como pasado. Sin embargo, muestra un código de repuesta diferente que se debe cambiar para menor entendimiento.",2,Pasado [v2],equipo qa,2025-11-14 00:30:46,equipo qa,,2,Pasado [v2]
Gestión de Espacios - Modificación de Espacio,PFTDZGR06-385,Modificar espacio por parte de un usuario no autorizado,Alta,Pasado [v1],equipo qa,2025-11-04 00:32:42,equipo qa,,2,Pasado [v2],equipo qa,2025-11-14 00:31:25,equipo qa,,1,Pasado [v2]
Gestión de Espacios - Listado de Espacios,PFTDZGR06-387,Acceso a listado de espacios exitosamente,Alta,Pasado [v1],equipo qa,2025-11-04 00:14:18,equipo qa,,2,Pasado [v2],equipo qa,2025-11-14 00:07:51,equipo qa,,1,Pasado [v2]
Gestión de Espacios - Listado de Espacios,PFTDZGR06-388,Acceso a listado de espacios por Usuario Admin,Alta,Pasado [v1],equipo qa,2025-11-04 00:15:14,equipo qa,,1,Pasado [v2],equipo qa,2025-11-14 00:08:27,equipo qa,,1,Pasado [v2]
Gestión de Espacios - Listado de Espacios,PFTDZGR06-389,Acceso a listado de espacios por Usuario Socio/No Socio,Alta,Pasado [v1],equipo qa,2025-11-04 00:16:24,equipo qa,,2,Pasado [v2],equipo qa,2025-11-14 00:09:09,equipo qa,,1,Pasado [v2]
Gestión de Espacios - Listado de Espacios,PFTDZGR06-390,Filtrado del listado de espacios,Alta,Pasado [v1],equipo qa,2025-11-04 00:18:11,equipo qa,,2,Pasado [v2],equipo qa,2025-11-14 00:13:02,equipo qa,,2,Pasado [v2]
Gestión de Espacios - Listado de Espacios,PFTDZGR06-391,Acceder a listado sin espacios registrados,Alta,Pasado [v1],equipo qa,2025-11-04 00:19:29,equipo qa,,1,Pasado [v2],equipo qa,2025-11-14 00:13:37,equipo qa,,1,Pasado [v2]
Gestión de Espacios - Listado de Espacios,PFTDZGR06-392,Acceder a listado de espacios sin token de autorización,Alta,Pasado [v1],equipo qa,2025-11-04 00:20:32,equipo qa,,1,Pasado [v2],equipo qa,2025-11-14 00:14:27,equipo qa,,1,Pasado [v2]
Gestión de Espacios - Baja - Reactivación de Espacio,PFTDZGR06-393,Validar restricción de uso de espacios dados de baja,Alta,Bloqueado [v1],equipo qa,2025-11-04 00:57:35,equipo qa,,5,Pasado [v2],equipo qa,2025-11-14 00:33:44,equipo qa,,1,Pasado [v2]
Gestión de Espacios - Baja - Reactivación de Espacio,PFTDZGR06-394,Baja exitosa de espacio,Alta,Pasado [v1],equipo qa,2025-11-04 00:33:59,equipo qa,,1,Pasado [v2],equipo qa,2025-11-14 00:36:06,equipo qa,,1,Pasado [v2]
Gestión de Espacios - Baja - Reactivación de Espacio,PFTDZGR06-395,Baja de espacio ya inactivo,Media,Pasado [v1],equipo qa,2025-11-04 00:36:07,equipo qa,"El caso responde con una respuesta funcional aceptable, por lo cual se concidera pasado. Sin embargo, el código de respuesta es diferente al esparado y debe ser cambiado para mejor entendimiento del problema.",1,Pasado [v2],equipo qa,2025-11-14 00:39:44,equipo qa,,1,Pasado [v2]
Gestión de Espacios - Baja - Reactivación de Espacio,PFTDZGR06-396,Baja con espacio no existente,Alta,Pasado [v1],equipo qa,2025-11-04 00:37:31,equipo qa,,1,Pasado [v2],equipo qa,2025-11-14 00:40:43,equipo qa,,1,Pasado [v2]
Gestión de Espacios - Baja - Reactivación de Espacio,PFTDZGR06-397,Baja de espacio por usuario no autorizado,Alta,Pasado [v1],equipo qa,2025-11-04 00:38:51,equipo qa,,1,Pasado [v2],equipo qa,2025-11-14 00:41:37,equipo qa,,1,Pasado [v2]
Gestión de Espacios - Baja - Reactivación de Espacio,PFTDZGR06-398,Reactivar espacio ya activo,Media,Fallado [v1],equipo qa,2025-11-04 00:47:57,equipo qa,,1,Pasado [v2],equipo qa,2025-11-14 00:43:32,equipo qa,,1,Pasado [v2]
Gestión de Espacios - Baja - Reactivación de Espacio,PFTDZGR06-399,Reactivar espacio exitosamente,Alta,Pasado [v1],equipo qa,2025-11-04 00:48:44,equipo qa,,1,Pasado [v2],equipo qa,2025-11-14 00:44:19,equipo qa,,1,Pasado [v2]
Gestión de Espacios - Baja - Reactivación de Espacio,PFTDZGR06-400,Reactivar espacio no existente,Alta,Pasado [v1],equipo qa,2025-11-04 00:49:43,equipo qa,,1,Pasado [v2],equipo qa,2025-11-14 00:45:18,equipo qa,,1,Pasado [v2]
Gestión de Espacios - Baja - Reactivación de Espacio,PFTDZGR06-401,Reactivar espacio por usuario no autorizado,Alta,Pasado [v1],equipo qa,2025-11-04 00:39:10,equipo qa,,1,Pasado [v2],equipo qa,2025-11-14 00:42:07,equipo qa,,1,Pasado [v2]
Gestión de Espacios - Registro de Reserva,PFTDZGR06-404,Registrar reserva con campos obligatorios faltantes,Alta,Pasado [v1],equipo qa,2025-11-04 00:58:52,equipo qa,,2,Pasado [v2],equipo qa,2025-11-14 00:47:58,equipo qa,,2,Pasado [v2]
Gestión de Espacios - Registro de Reserva,PFTDZGR06-405,Registrar reserva con datos inválidos,Alta,Pasado [v1],equipo qa,2025-11-04 00:59:23,equipo qa,,2,Pasado [v2],equipo qa,2025-11-14 00:50:21,equipo qa,,2,Pasado [v2]
Gestión de Espacios - Registro de Reserva,PFTDZGR06-406,Registrar reserva exitosamente,Alta,Fallado [v1],equipo qa,2025-11-04 01:00:10,equipo qa,,2,Pasado [v2],equipo qa,2025-11-14 00:51:40,equipo qa,,1,Pasado [v2]
Gestión de Espacios - Registro de Reserva,PFTDZGR06-407,Registrar reserva con solapamiento de horarios,Alta,Bloqueado [v1],equipo qa,2025-11-04 01:02:15,equipo qa,,2,Pasado [v2],equipo qa,2025-11-14 00:52:46,equipo qa,,2,Pasado [v2]
Gestión de Espacios - Registro de Reserva,PFTDZGR06-408,Registrar reserva consecutivas sin solapamiento,Alta,Bloqueado [v1],equipo qa,2025-11-04 01:02:46,equipo qa,,1,Pasado [v2],equipo qa,2025-11-14 01:07:40,equipo qa,,2,Pasado [v2]
Gestión de Espacios - Cancelación de Reserva,PFTDZGR06-409,Cancelación de reserva exitosa,Alta,Pasado [v1],equipo qa,2025-11-04 01:05:07,equipo qa,,1,Pasado [v2],equipo qa,2025-11-14 01:08:40,equipo qa,,1,Pasado [v2]
Gestión de Espacios - Cancelación de Reserva,PFTDZGR06-410,Cancelación de reserva inexistente,Alta,Pasado [v1],equipo qa,2025-11-04 01:06:42,equipo qa,,1,Pasado [v2],equipo qa,2025-11-14 01:09:44,equipo qa,,1,Pasado [v2]
Gestión de Espacios - Cancelación de Reserva,PFTDZGR06-411,Cancelación de reserva ya cancelada,Alta,Pasado [v1],equipo qa,2025-11-04 01:08:25,equipo qa,,1,Pasado [v2],equipo qa,2025-11-14 01:10:25,equipo qa,,1,Pasado [v2]
Gestión de Espacios - Reportes de Reservas,PFTDZGR06-412,Generar reporte de reservas por fechas exitosamente,Alta,Pasado [v1],equipo qa,2025-11-04 01:10:05,equipo qa,,2,Pasado [v2],equipo qa,2025-11-14 01:15:55,equipo qa,,2,Pasado [v2]
Gestión de Espacios - Reportes de Reservas,PFTDZGR06-413,Generar reporte de reservas por espacio exitosamente,Alta,Fallado [v1],equipo qa,2025-11-04 01:11:16,equipo qa,,2,Pasado [v2],equipo qa,2025-11-14 01:16:27,equipo qa,,2,Pasado [v2]
Gestión de Espacios - Reportes de Reservas,PFTDZGR06-415,Generar reporte con filtros inválidos o formato incorrecto,Alta,Pasado [v1],equipo qa,2025-11-04 01:12:36,equipo qa,,2,Pasado [v2],equipo qa,2025-11-14 01:17:48,equipo qa,,2,Pasado [v2]
Gestión de Espacios - Reportes de Reservas,PFTDZGR06-416,Generar reporte por usuario no autorizado,Alta,Pasado [v1],equipo qa,2025-11-04 01:13:24,equipo qa,,1,Pasado [v2],equipo qa,2025-11-14 01:18:33,equipo qa,,1,Pasado [v2]
Gestión de Espacios - Reportes de Reservas,PFTDZGR06-417,Generar reporte con token inválido o ausente,Alta,Pasado [v1],equipo qa,2025-11-04 01:14:07,equipo qa,,1,Pasado [v2],equipo qa,2025-11-14 01:19:21,equipo qa,,1,Pasado [v2]
Gestión de Funcionalidades - Registro de Funcionalidad,PFTDZGR06-419,Registrar funcionalidad exitosamente,Alta,Pasado [v1],equipo qa,2025-11-08 03:11:36,equipo qa,,2,Pasado [v2],equipo qa,2025-11-21 00:10:05,equipo qa,,2,Pasado [v2]
Gestión de Funcionalidades - Registro de Funcionalidad,PFTDZGR06-420,Registrar funcionalidad con datos inválidos,Alta,Fallado [v1],equipo qa,2025-11-08 03:15:08,equipo qa,,2,Pasado [v2],equipo qa,2025-11-21 00:10:20,equipo qa,,1,Pasado [v2]
Gestión de Funcionalidades - Registro de Funcionalidad,PFTDZGR06-421,Registrar funcionalidad con datos obligatorios faltantes,Alta,Pasado [v1],equipo qa,2025-11-08 03:18:51,equipo qa,,2,Pasado [v2],equipo qa,2025-11-21 00:10:34,equipo qa,,1,Pasado [v2]
Gestión de Funcionalidades - Registro de Funcionalidad,PFTDZGR06-423,Registrar funcionalidad por parte de usuario no autorizado,Alta,Pasado [v1],equipo qa,2025-11-08 03:19:33,equipo qa,,2,Pasado [v2],equipo qa,2025-11-21 00:10:46,equipo qa,,1,Pasado [v2]
Gestión de Funcionalidades - Registro de Funcionalidad,PFTDZGR06-459,Registrar funcionalidad con datos duplicados,Alta,Pasado [v1],equipo qa,2025-11-08 03:06:53,equipo qa,,2,Pasado [v2],equipo qa,2025-11-21 00:09:59,equipo qa,,1,Pasado [v2]
Gestión de Funcionalidades - Listado de Funcionalidades,PFTDZGR06-424,Acceder a listado sin token de autorización,Alta,Pasado [v1],equipo qa,2025-11-08 03:19:40,equipo qa,,2,Pasado [v2],equipo qa,2025-11-21 00:11:00,equipo qa,,2,Pasado [v2]
Gestión de Funcionalidades - Listado de Funcionalidades,PFTDZGR06-425,Acceder a listado sin funcionalidades registradas,Alta,Pasado [v1],equipo qa,2025-11-08 03:20:39,equipo qa,,2,Pasado [v2],equipo qa,2025-11-21 00:13:44,equipo qa,,1,Pasado [v2]
Gestión de Funcionalidades - Listado de Funcionalidades,PFTDZGR06-426,Filtrado del listado de funcionalidades,Alta,Pasado [v1],equipo qa,2025-11-08 03:21:29,equipo qa,,2,Pasado [v2],equipo qa,2025-11-21 00:13:54,equipo qa,,2,Pasado [v2]
Gestión de Funcionalidades - Listado de Funcionalidades,PFTDZGR06-427,Acceso a listado de funcionalidades por Usuario Socio/No Socio,Alta,Pasado [v1],equipo qa,2025-11-08 03:22:46,equipo qa,,2,Pasado [v2],equipo qa,2025-11-21 00:14:17,equipo qa,,1,Pasado [v2]
Gestión de Funcionalidades - Listado de Funcionalidades,PFTDZGR06-428,Acceso a listado de funcionalidades por Usuario Admin,Alta,Pasado [v1],equipo qa,2025-11-08 03:23:36,equipo qa,,2,Pasado [v2],equipo qa,2025-11-21 00:14:28,equipo qa,,2,Pasado [v2]
Gestión de Funcionalidades - Listado de Funcionalidades,PFTDZGR06-429,Acceso a listado de funcionalidades exitosamente,Alta,Pasado [v1],equipo qa,2025-11-08 03:24:55,equipo qa,,2,Pasado [v2],equipo qa,2025-11-21 00:14:37,equipo qa,,2,Pasado [v2]
Gestión de Funcionalidades - Modificación de Funcionalidad,PFTDZGR06-430,Modificar funcionalidad por parte de un usuario no autorizado,Alta,Pasado [v1],equipo qa,2025-11-08 03:26:10,equipo qa,,2,Pasado [v2],equipo qa,2025-11-21 00:14:54,equipo qa,,2,Pasado [v2]
Gestión de Funcionalidades - Modificación de Funcionalidad,PFTDZGR06-431,Modificar funcionalidad con datos inválidos,Alta,Pasado [v1],equipo qa,2025-11-08 03:26:29,equipo qa,,2,Pasado [v2],equipo qa,2025-11-21 00:17:14,equipo qa,,2,Pasado [v2]
Gestión de Funcionalidades - Modificación de Funcionalidad,PFTDZGR06-432,Modificar funcionalidad con datos obligatorios faltantes,Alta,Pasado [v1],equipo qa,2025-11-08 03:26:50,equipo qa,,2,Pasado [v2],equipo qa,2025-11-21 00:16:56,equipo qa,,2,Pasado [v2]
Gestión de Funcionalidades - Modificación de Funcionalidad,PFTDZGR06-433,Modificar funcionalidad exitosamente,Alta,Pasado [v1],equipo qa,2025-11-08 03:27:16,equipo qa,,2,Pasado [v2],equipo qa,2025-11-21 00:17:33,equipo qa,,2,Pasado [v2]
Gestión de Funcionalidades - Modificación de Funcionalidad,PFTDZGR06-434,Modificar funcionalidad no existente,Alta,Pasado [v1],equipo qa,2025-11-08 03:27:28,equipo qa,,2,Pasado [v2],equipo qa,2025-11-21 00:17:49,equipo qa,,2,Pasado [v2]
Gestión de Funcionalidades - Baja- Reactivación de Funcionalidad,PFTDZGR06-435,Reactivación de funcionalidad por usuario no autorizado,Alta,Pasado [v1],equipo qa,2025-11-08 03:27:44,equipo qa,,2,Pasado [v2],equipo qa,2025-11-21 00:17:57,equipo qa,,1,Pasado [v2]
Gestión de Funcionalidades - Baja- Reactivación de Funcionalidad,PFTDZGR06-436,Reactivación de funcionalidad no existente,Alta,Pasado [v1],equipo qa,2025-11-08 12:04:48,equipo qa,,2,Pasado [v2],equipo qa,2025-11-21 00:18:13,equipo qa,,2,Pasado [v2]
Gestión de Funcionalidades - Baja- Reactivación de Funcionalidad,PFTDZGR06-437,Reactivación de funcionalidad ya activo,Media,Pasado [v1],equipo qa,2025-11-08 12:06:00,equipo qa,,2,Pasado [v2],equipo qa,2025-11-21 00:18:22,equipo qa,,2,Pasado [v2]
Gestión de Funcionalidades - Baja- Reactivación de Funcionalidad,PFTDZGR06-438,Reactivación exitosa de funcionalidad,Alta,Pasado [v1],equipo qa,2025-11-08 12:06:47,equipo qa,,2,Pasado [v2],equipo qa,2025-11-21 00:19:29,equipo qa,,2,Pasado [v2]
Gestión de Funcionalidades - Baja- Reactivación de Funcionalidad,PFTDZGR06-439,Baja de funcionalidad por usuario no autorizado,Alta,Pasado [v1],equipo qa,2025-11-08 12:07:01,equipo qa,,2,Pasado [v2],equipo qa,2025-11-21 00:19:37,equipo qa,,2,Pasado [v2]
Gestión de Funcionalidades - Baja- Reactivación de Funcionalidad,PFTDZGR06-440,Baja con funcionalidad no existente,Alta,Pasado [v1],equipo qa,2025-11-08 12:09:56,equipo qa,,2,Pasado [v2],equipo qa,2025-11-21 00:20:15,equipo qa,,1,Pasado [v2]
Gestión de Funcionalidades - Baja- Reactivación de Funcionalidad,PFTDZGR06-441,Baja de funcionalidad ya inactivo,Media,Pasado [v1],equipo qa,2025-11-08 12:10:38,equipo qa,,2,Pasado [v2],equipo qa,2025-11-21 00:20:36,equipo qa,,1,Pasado [v2]
Gestión de Funcionalidades - Baja- Reactivación de Funcionalidad,PFTDZGR06-442,Baja exitosa de funcionalidad,Alta,Pasado [v1],equipo qa,2025-11-08 12:11:27,equipo qa,,2,Pasado [v2],equipo qa,2025-11-21 00:20:53,equipo qa,,2,Pasado [v2]
Gestión de Funcionalidades - Baja- Reactivación de Funcionalidad,PFTDZGR06-443,Validar restricción de uso de funcionalidades dadas de baja,Alta,Pasado [v1],equipo qa,2025-11-08 12:11:40,equipo qa,,2,Pasado [v2],equipo qa,2025-11-21 00:21:17,equipo qa,,1,Pasado [v2]
Gestión de Funcionalidades - Acceso a Funcionalidades,PFTDZGR06-444,Vincular funcionalidades a un perfil exitosamente,Alta,Pasado [v1],equipo qa,2025-11-08 12:14:12,equipo qa,,2,Pasado [v2],equipo qa,2025-11-21 00:15:21,equipo qa,,2,Pasado [v2]
Gestión de Funcionalidades - Acceso a Funcionalidades,PFTDZGR06-445,Vincular funcionalidades a un perfil no existente,Alta,Pasado [v1],equipo qa,2025-11-08 12:14:41,equipo qa,,2,Pasado [v2],equipo qa,2025-11-21 00:16:10,equipo qa,,2,Pasado [v2]
Gestión de Funcionalidades - Acceso a Funcionalidades,PFTDZGR06-446,Vincular funcionalidades no existentes a un perfil,Alta,Pasado [v1],equipo qa,2025-11-08 12:12:12,equipo qa,,2,Pasado [v2],equipo qa,2025-11-21 00:16:21,equipo qa,,2,Pasado [v2]
Gestión de Funcionalidades - Acceso a Funcionalidades,PFTDZGR06-447,Vincular funcionalidades inactivas a un perfil,Alta,Pasado [v1],equipo qa,2025-11-08 12:12:20,equipo qa,,2,Pasado [v2],equipo qa,2025-11-21 00:16:30,equipo qa,,2,Pasado [v2]
Gestión de Funcionalidades - Acceso a Funcionalidades,PFTDZGR06-448,Vincular funcionalidades a un perfil inactivo,Alta,Pasado [v1],equipo qa,2025-11-08 12:14:56,equipo qa,,2,Pasado [v2],equipo qa,2025-11-21 00:16:38,equipo qa,,2,Pasado [v2]
Gestión de Funcionalidades - Acceso a Funcionalidades,PFTDZGR06-449,Vincular funcionalidad por usuario no autorizado,Alta,Pasado [v1],equipo qa,2025-11-08 12:15:05,equipo qa,,2,Pasado [v2],equipo qa,2025-11-21 00:18:39,equipo qa,,2,Pasado [v2]
Gestión de Funcionalidades - Acceso a Funcionalidades,PFTDZGR06-450,Vincular funcionalidades a un perfil con token inválido o ausente,Alta,Pasado [v1],equipo qa,2025-11-08 12:17:26,equipo qa,,2,Pasado [v2],equipo qa,2025-11-21 00:18:49,equipo qa,,2,Pasado [v2]
Gestión de Funcionalidades - Acceso a Funcionalidades,PFTDZGR06-451,Vincualr funcionalidades ya vinculadas previamente,Media,Pasado [v1],equipo qa,2025-11-08 12:16:32,equipo qa,,2,Pasado [v2],equipo qa,2025-11-21 00:19:02,equipo qa,,2,Pasado [v2]
Gestión de Funcionalidades - Modificación de Acceso a Funcionalidades,PFTDZGR06-452,Modificar acceso de una funcionalidad en un perfil exitosamente,Alta,Pasado [v1],equipo qa,2025-11-08 12:10:20,equipo qa,,2,Pasado [v2],equipo qa,2025-11-21 00:11:34,equipo qa,,2,Pasado [v2]
Gestión de Funcionalidades - Modificación de Acceso a Funcionalidades,PFTDZGR06-453,Modificar acceso de una funcionalidad en un perfil inexistente,Alta,Pasado [v1],equipo qa,2025-11-08 12:11:57,equipo qa,,2,Pasado [v2],equipo qa,2025-11-21 00:11:39,equipo qa,,2,Pasado [v2]
Gestión de Funcionalidades - Modificación de Acceso a Funcionalidades,PFTDZGR06-454,Modificar acceso de una funcionalidad inexistente en un perfil,Alta,Pasado [v1],equipo qa,2025-11-08 12:12:02,equipo qa,,2,Pasado [v2],equipo qa,2025-11-21 00:11:45,equipo qa,,2,Pasado [v2]
Gestión de Funcionalidades - Modificación de Acceso a Funcionalidades,PFTDZGR06-455,Modificar acceso de una funcionalidad en un perfil inactivo,Alta,Pasado [v1],equipo qa,2025-11-08 12:13:00,equipo qa,,2,Pasado [v2],equipo qa,2025-11-21 00:11:50,equipo qa,,2,Pasado [v2]
Gestión de Funcionalidades - Modificación de Acceso a Funcionalidades,PFTDZGR06-456,Modificar acceso de una funcionalidad inactiva en un perfil,Alta,Pasado [v1],equipo qa,2025-11-08 12:14:02,equipo qa,,2,Pasado [v2],equipo qa,2025-11-21 00:11:55,equipo qa,,2,Pasado [v2]
Gestión de Funcionalidades - Modificación de Acceso a Funcionalidades,PFTDZGR06-457,Modificar acceso a funcionalidad por usuario no autorizado,Alta,Pasado [v1],equipo qa,2025-11-08 12:10:10,equipo qa,,2,Pasado [v2],equipo qa,2025-11-21 00:11:26,equipo qa,,2,Pasado [v2]
Gestión de Funcionalidades - Modificación de Acceso a Funcionalidades,PFTDZGR06-458,Modificar acceso a funcionalidades a un perfil con token inválido o ausente,Alta,Pasado [v1],equipo qa,2025-11-08 12:09:43,equipo qa,,2,Pasado [v2],equipo qa,2025-11-21 00:11:31,equipo qa,,2,Pasado [v2]
